timestamp,tracking_code,url,status_code,latency_ms,result,error
2026-01-22 18:44:39,SPF0000005876,https://www.slanjepaketa.rs/pracenje-posiljaka/SPF0000005876,,,skipped_cache,
2026-01-22 18:44:39,SPF0000005895,https://www.slanjepaketa.rs/pracenje-posiljaka/SPF0000005895,,,skipped_cache,
2026-01-22 18:44:39,SPF0000005951,https://www.slanjepaketa.rs/pracenje-posiljaka/SPF0000005951,,,skipped_cache,
2026-01-22 18:44:39,SPF0000005985,https://www.slanjepaketa.rs/pracenje-posiljaka/SPF0000005985,,,skipped_cache,
2026-01-22 18:44:39,SPF0000006002,https://www.slanjepaketa.rs/pracenje-posiljaka/SPF0000006002,,,skipped_cache,
2026-01-22 18:44:39,SPF0000007137,https://www.slanjepaketa.rs/pracenje-posiljaka/SPF0000007137,,,skipped_cache,
2026-01-22 18:44:39,SPF0000007790,https://www.slanjepaketa.rs/pracenje-posiljaka/SPF0000007790,,,skipped_cache,
2026-01-22 18:44:39,SPF0000008826,https://www.slanjepaketa.rs/pracenje-posiljaka/SPF0000008826,,,skipped_cache,
2026-01-22 18:44:39,VN0000579644,https://www.dexpress.rs/rs/pracenje-posiljaka/VN0000579644,,,skipped_cache,
2026-01-22 18:44:39,VN0000579654,https://www.dexpress.rs/rs/pracenje-posiljaka/VN0000579654,,,skipped_cache,
2026-01-22 18:44:39,VN0000579662,https://www.dexpress.rs/rs/pracenje-posiljaka/VN0000579662,,,skipped_cache,
2026-01-22 18:44:39,VN0000582075,https://www.dexpress.rs/rs/pracenje-posiljaka/VN0000582075,,,skipped_cache,
2026-01-22 18:44:39,VN0000584997,https://www.dexpress.rs/rs/pracenje-posiljaka/VN0000584997,,,skipped_cache,
2026-01-22 18:44:39,VN0000585028,https://www.dexpress.rs/rs/pracenje-posiljaka/VN0000585028,,,skipped_cache,
2026-01-22 18:44:39,VN0000588573,https://www.dexpress.rs/rs/pracenje-posiljaka/VN0000588573,,,skipped_cache,
2026-01-22 18:44:39,VN0000592502,https://www.dexpress.rs/rs/pracenje-posiljaka/VN0000592502,,,skipped_cache,
2026-01-22 18:44:39,VN0000593376,https://www.dexpress.rs/rs/pracenje-posiljaka/VN0000593376,,,skipped_cache,
2026-01-22 18:44:39,VN0000595774,https://www.dexpress.rs/rs/pracenje-posiljaka/VN0000595774,,,skipped_cache,
2026-01-22 18:44:39,VN0000596472,https://www.dexpress.rs/rs/pracenje-posiljaka/VN0000596472,,,skipped_cache,
2026-01-22 18:44:39,VN0000596937,https://www.dexpress.rs/rs/pracenje-posiljaka/VN0000596937,,,skipped_cache,
2026-01-22 18:44:39,VN0000597656,https://www.dexpress.rs/rs/pracenje-posiljaka/VN0000597656,,,skipped_cache,
2026-01-22 18:44:39,VN0000597678,https://www.dexpress.rs/rs/pracenje-posiljaka/VN0000597678,,,skipped_cache,
2026-01-22 18:44:39,VN0000600687,https://www.dexpress.rs/rs/pracenje-posiljaka/VN0000600687,,,skipped_cache,
2026-01-22 18:44:39,VN0000602129,https://www.dexpress.rs/rs/pracenje-posiljaka/VN0000602129,,,skipped_cache,
2026-01-22 18:44:39,VN0000605946,https://www.dexpress.rs/rs/pracenje-posiljaka/VN0000605946,,,skipped_cache,
2026-01-22 18:44:39,VN0000607779,https://www.dexpress.rs/rs/pracenje-posiljaka/VN0000607779,,,skipped_cache,
2026-01-22 18:44:39,VN0000608810,https://www.dexpress.rs/rs/pracenje-posiljaka/VN0000608810,,,skipped_cache,
2026-01-22 18:44:39,VN0000610005,https://www.dexpress.rs/rs/pracenje-posiljaka/VN0000610005,,,skipped_cache,
2026-01-22 18:44:39,VN0000610354,https://www.dexpress.rs/rs/pracenje-posiljaka/VN0000610354,,,skipped_cache,
2026-01-22 18:44:39,VN0000611437,https://www.dexpress.rs/rs/pracenje-posiljaka/VN0000611437,,,skipped_cache,
2026-01-22 18:44:39,VN0000611499,https://www.dexpress.rs/rs/pracenje-posiljaka/VN0000611499,,,skipped_cache,
2026-01-22 18:44:39,VN0000618635,https://www.dexpress.rs/rs/pracenje-posiljaka/VN0000618635,,,skipped_cache,
2026-01-22 18:44:39,VN0000620067,https://www.dexpress.rs/rs/pracenje-posiljaka/VN0000620067,,,skipped_cache,
2026-01-22 18:44:39,VN0000621499,https://www.dexpress.rs/rs/pracenje-posiljaka/VN0000621499,,,skipped_cache,
2026-01-22 18:44:39,VN0000621926,https://www.dexpress.rs/rs/pracenje-posiljaka/VN0000621926,,,skipped_cache,
2026-01-22 18:44:39,VN0000625775,https://www.dexpress.rs/rs/pracenje-posiljaka/VN0000625775,,,skipped_cache,
2026-01-22 18:44:39,VN0000628239,https://www.dexpress.rs/rs/pracenje-posiljaka/VN0000628239,,,skipped_cache,
2026-01-22 18:44:39,VN0000633000,https://www.dexpress.rs/rs/pracenje-posiljaka/VN0000633000,,,skipped_cache,
2026-01-22 18:44:39,VN0000633836,https://www.dexpress.rs/rs/pracenje-posiljaka/VN0000633836,,,skipped_cache,
2026-01-22 18:44:39,VN0000633854,https://www.dexpress.rs/rs/pracenje-posiljaka/VN0000633854,,,skipped_cache,
2026-01-22 18:44:39,VN0000635067,https://www.dexpress.rs/rs/pracenje-posiljaka/VN0000635067,,,skipped_cache,
2026-01-22 18:44:39,VN0000636228,https://www.dexpress.rs/rs/pracenje-posiljaka/VN0000636228,,,skipped_cache,
2026-01-22 18:44:39,VN0000636245,https://www.dexpress.rs/rs/pracenje-posiljaka/VN0000636245,,,skipped_cache,
2026-01-22 18:44:39,VN0000636255,https://www.dexpress.rs/rs/pracenje-posiljaka/VN0000636255,,,skipped_cache,
2026-01-22 18:44:39,VN0000638690,https://www.dexpress.rs/rs/pracenje-posiljaka/VN0000638690,,,skipped_cache,
2026-01-22 18:44:39,VN0000639752,https://www.dexpress.rs/rs/pracenje-posiljaka/VN0000639752,,,skipped_cache,
2026-01-22 18:44:39,VN0000644620,https://www.dexpress.rs/rs/pracenje-posiljaka/VN0000644620,,,skipped_cache,
2026-01-22 18:44:39,VN0000644623,https://www.dexpress.rs/rs/pracenje-posiljaka/VN0000644623,,,skipped_cache,
2026-01-22 18:44:39,VN0000647622,https://www.dexpress.rs/rs/pracenje-posiljaka/VN0000647622,,,skipped_cache,
2026-01-22 18:44:39,VN0000648513,https://www.dexpress.rs/rs/pracenje-posiljaka/VN0000648513,,,skipped_cache,
2026-01-22 18:44:39,VN0000650956,https://www.dexpress.rs/rs/pracenje-posiljaka/VN0000650956,,,skipped_cache,
2026-01-22 18:44:39,VN0000652138,https://www.dexpress.rs/rs/pracenje-posiljaka/VN0000652138,,,skipped_cache,
2026-01-22 18:44:39,VN0000652147,https://www.dexpress.rs/rs/pracenje-posiljaka/VN0000652147,,,skipped_cache,
2026-01-22 18:44:39,VN0000652456,https://www.dexpress.rs/rs/pracenje-posiljaka/VN0000652456,,,skipped_cache,
2026-01-22 18:44:39,VN0000653583,https://www.dexpress.rs/rs/pracenje-posiljaka/VN0000653583,,,skipped_cache,
2026-01-22 18:44:39,VN0000655170,https://www.dexpress.rs/rs/pracenje-posiljaka/VN0000655170,,,skipped_cache,
2026-01-22 18:44:39,VN0000657913,https://www.dexpress.rs/rs/pracenje-posiljaka/VN0000657913,,,skipped_cache,
2026-01-22 18:44:39,VN0000657979,https://www.dexpress.rs/rs/pracenje-posiljaka/VN0000657979,,,skipped_cache,
2026-01-22 18:44:39,VN0000659033,https://www.dexpress.rs/rs/pracenje-posiljaka/VN0000659033,,,skipped_cache,
2026-01-22 18:44:39,VN0000659274,https://www.dexpress.rs/rs/pracenje-posiljaka/VN0000659274,,,skipped_cache,
2026-01-22 18:44:39,VN0000660807,https://www.dexpress.rs/rs/pracenje-posiljaka/VN0000660807,,,skipped_cache,
2026-01-22 18:44:39,VN0000661557,https://www.dexpress.rs/rs/pracenje-posiljaka/VN0000661557,,,skipped_cache,
2026-01-22 18:44:39,VN0000671980,https://www.dexpress.rs/rs/pracenje-posiljaka/VN0000671980,,,skipped_cache,
2026-01-22 18:44:39,VN0000672960,https://www.dexpress.rs/rs/pracenje-posiljaka/VN0000672960,,,skipped_cache,
2026-01-22 18:44:39,VN0000673023,https://www.dexpress.rs/rs/pracenje-posiljaka/VN0000673023,,,skipped_cache,
2026-01-22 18:44:39,VN0000673659,https://www.dexpress.rs/rs/pracenje-posiljaka/VN0000673659,,,skipped_cache,
2026-01-22 18:44:39,VN0000674774,https://www.dexpress.rs/rs/pracenje-posiljaka/VN0000674774,,,skipped_cache,
2026-01-22 18:44:39,VN0000675803,https://www.dexpress.rs/rs/pracenje-posiljaka/VN0000675803,,,skipped_cache,
2026-01-22 18:44:39,VN0000677289,https://www.dexpress.rs/rs/pracenje-posiljaka/VN0000677289,,,skipped_cache,
2026-01-22 18:44:39,VN0000678049,https://www.dexpress.rs/rs/pracenje-posiljaka/VN0000678049,,,skipped_cache,
2026-01-22 18:44:39,VN0000678418,https://www.dexpress.rs/rs/pracenje-posiljaka/VN0000678418,,,skipped_cache,
2026-01-22 18:44:39,VN0000679426,https://www.dexpress.rs/rs/pracenje-posiljaka/VN0000679426,,,skipped_cache,
2026-01-22 18:44:39,VN0000680306,https://www.dexpress.rs/rs/pracenje-posiljaka/VN0000680306,,,skipped_cache,
2026-01-22 18:44:39,VN0000683576,https://www.dexpress.rs/rs/pracenje-posiljaka/VN0000683576,,,skipped_cache,
2026-01-22 18:44:39,VN0000683964,https://www.dexpress.rs/rs/pracenje-posiljaka/VN0000683964,,,skipped_cache,
2026-01-22 18:44:39,VN0000688349,https://www.dexpress.rs/rs/pracenje-posiljaka/VN0000688349,,,skipped_cache,
2026-01-22 18:44:39,VN0000688361,https://www.dexpress.rs/rs/pracenje-posiljaka/VN0000688361,,,skipped_cache,
2026-01-22 18:44:39,VN0000689996,https://www.dexpress.rs/rs/pracenje-posiljaka/VN0000689996,,,skipped_cache,
2026-01-22 18:44:39,VN0000692763,https://www.dexpress.rs/rs/pracenje-posiljaka/VN0000692763,,,skipped_cache,
2026-01-22 18:44:39,VN0000697748,https://www.dexpress.rs/rs/pracenje-posiljaka/VN0000697748,,,skipped_cache,
2026-01-22 18:44:39,VN0000698427,https://www.dexpress.rs/rs/pracenje-posiljaka/VN0000698427,,,skipped_cache,
2026-01-22 18:44:39,VN0000700200,https://www.dexpress.rs/rs/pracenje-posiljaka/VN0000700200,,,skipped_cache,
2026-01-22 18:44:39,VN0000705181,https://www.dexpress.rs/rs/pracenje-posiljaka/VN0000705181,,,skipped_cache,
2026-01-22 18:44:39,VN0000705417,https://www.dexpress.rs/rs/pracenje-posiljaka/VN0000705417,,,skipped_cache,
2026-01-22 18:44:39,VN0000706229,https://www.dexpress.rs/rs/pracenje-posiljaka/VN0000706229,,,skipped_cache,
2026-01-22 18:44:39,VN0000707661,https://www.dexpress.rs/rs/pracenje-posiljaka/VN0000707661,,,skipped_cache,
2026-01-22 18:44:39,VN0000710459,https://www.dexpress.rs/rs/pracenje-posiljaka/VN0000710459,,,skipped_cache,
2026-01-22 18:44:39,VN0000710669,https://www.dexpress.rs/rs/pracenje-posiljaka/VN0000710669,,,skipped_cache,
2026-01-22 18:44:39,VN0000711445,https://www.dexpress.rs/rs/pracenje-posiljaka/VN0000711445,,,skipped_cache,
2026-01-22 18:44:39,VN0000711985,https://www.dexpress.rs/rs/pracenje-posiljaka/VN0000711985,,,skipped_cache,
2026-01-22 18:44:39,VN0000716511,https://www.dexpress.rs/rs/pracenje-posiljaka/VN0000716511,,,skipped_cache,
2026-01-22 18:44:39,VN0000718520,https://www.dexpress.rs/rs/pracenje-posiljaka/VN0000718520,,,skipped_cache,
2026-01-22 18:44:39,VN0000719142,https://www.dexpress.rs/rs/pracenje-posiljaka/VN0000719142,,,skipped_cache,
2026-01-22 18:44:39,VN0000720228,https://www.dexpress.rs/rs/pracenje-posiljaka/VN0000720228,,,skipped_cache,
2026-01-22 18:44:39,VN0000721820,https://www.dexpress.rs/rs/pracenje-posiljaka/VN0000721820,,,skipped_cache,
2026-01-22 18:44:39,VN0000724398,https://www.dexpress.rs/rs/pracenje-posiljaka/VN0000724398,,,skipped_cache,
2026-01-22 18:44:39,VN0000724412,https://www.dexpress.rs/rs/pracenje-posiljaka/VN0000724412,,,skipped_cache,
2026-01-22 18:44:39,VN0000724473,https://www.dexpress.rs/rs/pracenje-posiljaka/VN0000724473,,,skipped_cache,
2026-01-22 18:44:39,VN0000725789,https://www.dexpress.rs/rs/pracenje-posiljaka/VN0000725789,,,skipped_cache,
2026-01-22 18:44:40,VN0000729366,https://www.dexpress.rs/rs/pracenje-posiljaka/VN0000729366,,,skipped_cache,
2026-01-22 18:44:40,VN0000731126,https://www.dexpress.rs/rs/pracenje-posiljaka/VN0000731126,,,skipped_cache,
2026-01-22 18:44:40,VN0000733602,https://www.dexpress.rs/rs/pracenje-posiljaka/VN0000733602,,,skipped_cache,
2026-01-22 18:44:40,VN0000734147,https://www.dexpress.rs/rs/pracenje-posiljaka/VN0000734147,,,skipped_cache,
2026-01-22 18:44:40,VN0000734692,https://www.dexpress.rs/rs/pracenje-posiljaka/VN0000734692,,,skipped_cache,
2026-01-22 18:44:40,VN0000734694,https://www.dexpress.rs/rs/pracenje-posiljaka/VN0000734694,,,skipped_cache,
2026-01-22 18:44:40,VN0000735732,https://www.dexpress.rs/rs/pracenje-posiljaka/VN0000735732,,,skipped_cache,
2026-01-22 18:44:40,VN0000737546,https://www.dexpress.rs/rs/pracenje-posiljaka/VN0000737546,,,skipped_cache,
2026-01-22 18:44:40,VN0000746528,https://www.dexpress.rs/rs/pracenje-posiljaka/VN0000746528,,,skipped_cache,
2026-01-22 18:44:40,VN0000746535,https://www.dexpress.rs/rs/pracenje-posiljaka/VN0000746535,,,skipped_cache,
2026-01-22 18:44:40,VN0000749286,https://www.dexpress.rs/rs/pracenje-posiljaka/VN0000749286,,,skipped_cache,
2026-01-22 18:44:40,VN0000750540,https://www.dexpress.rs/rs/pracenje-posiljaka/VN0000750540,,,skipped_cache,
2026-01-22 18:44:40,VN0000754654,https://www.dexpress.rs/rs/pracenje-posiljaka/VN0000754654,,,skipped_cache,
2026-01-22 18:44:40,VN0000754743,https://www.dexpress.rs/rs/pracenje-posiljaka/VN0000754743,,,skipped_cache,
2026-01-22 18:44:40,VN0000754814,https://www.dexpress.rs/rs/pracenje-posiljaka/VN0000754814,,,skipped_cache,
2026-01-22 18:44:40,VN0000754821,https://www.dexpress.rs/rs/pracenje-posiljaka/VN0000754821,,,skipped_cache,
2026-01-22 18:44:40,VN0000754887,https://www.dexpress.rs/rs/pracenje-posiljaka/VN0000754887,,,skipped_cache,
2026-01-22 18:44:40,VN0000754949,https://www.dexpress.rs/rs/pracenje-posiljaka/VN0000754949,,,skipped_cache,
2026-01-22 18:44:40,VN0000754954,https://www.dexpress.rs/rs/pracenje-posiljaka/VN0000754954,,,skipped_cache,
2026-01-22 18:44:40,VN0000755491,https://www.dexpress.rs/rs/pracenje-posiljaka/VN0000755491,,,skipped_cache,
2026-01-22 18:44:40,VN0000759175,https://www.dexpress.rs/rs/pracenje-posiljaka/VN0000759175,,,skipped_cache,
2026-01-22 18:44:40,VN0000759183,https://www.dexpress.rs/rs/pracenje-posiljaka/VN0000759183,,,skipped_cache,
2026-01-22 18:44:40,VN0000759518,https://www.dexpress.rs/rs/pracenje-posiljaka/VN0000759518,,,skipped_cache,
2026-01-22 18:44:40,VN0000761396,https://www.dexpress.rs/rs/pracenje-posiljaka/VN0000761396,,,skipped_cache,
2026-01-22 18:44:40,VN0000761417,https://www.dexpress.rs/rs/pracenje-posiljaka/VN0000761417,,,skipped_cache,
2026-01-22 18:44:40,VN0000761439,https://www.dexpress.rs/rs/pracenje-posiljaka/VN0000761439,,,skipped_cache,
2026-01-22 18:44:40,VN0000761488,https://www.dexpress.rs/rs/pracenje-posiljaka/VN0000761488,,,skipped_cache,
2026-01-22 18:44:40,VN0000762283,https://www.dexpress.rs/rs/pracenje-posiljaka/VN0000762283,,,skipped_cache,
2026-01-22 18:44:40,VN0000763933,https://www.dexpress.rs/rs/pracenje-posiljaka/VN0000763933,,,skipped_cache,
2026-01-22 18:44:40,VN0000766963,https://www.dexpress.rs/rs/pracenje-posiljaka/VN0000766963,,,skipped_cache,
2026-01-22 18:44:40,VN0000769991,https://www.dexpress.rs/rs/pracenje-posiljaka/VN0000769991,,,skipped_cache,
2026-01-22 18:44:40,VN0000770328,https://www.dexpress.rs/rs/pracenje-posiljaka/VN0000770328,,,skipped_cache,
2026-01-22 18:44:40,VN0000770749,https://www.dexpress.rs/rs/pracenje-posiljaka/VN0000770749,,,skipped_cache,
2026-01-22 18:44:40,VN0000770821,https://www.dexpress.rs/rs/pracenje-posiljaka/VN0000770821,,,skipped_cache,
2026-01-22 18:44:40,VN0000771530,https://www.dexpress.rs/rs/pracenje-posiljaka/VN0000771530,,,skipped_cache,
2026-01-22 18:44:40,VN0000771569,https://www.dexpress.rs/rs/pracenje-posiljaka/VN0000771569,,,skipped_cache,
2026-01-22 18:44:40,VN0000771668,https://www.dexpress.rs/rs/pracenje-posiljaka/VN0000771668,,,skipped_cache,
2026-01-22 18:44:40,VN0000771683,https://www.dexpress.rs/rs/pracenje-posiljaka/VN0000771683,,,skipped_cache,
2026-01-22 18:44:40,VN0000772676,https://www.dexpress.rs/rs/pracenje-posiljaka/VN0000772676,,,skipped_cache,
2026-01-22 18:44:40,VN0000773596,https://www.dexpress.rs/rs/pracenje-posiljaka/VN0000773596,,,skipped_cache,
2026-01-22 18:44:40,VN0000773879,https://www.dexpress.rs/rs/pracenje-posiljaka/VN0000773879,,,skipped_cache,
2026-01-22 18:44:40,VN0000774024,https://www.dexpress.rs/rs/pracenje-posiljaka/VN0000774024,,,skipped_cache,
2026-01-22 18:44:40,VN0000774035,https://www.dexpress.rs/rs/pracenje-posiljaka/VN0000774035,,,skipped_cache,
2026-01-22 18:44:40,VN0000774104,https://www.dexpress.rs/rs/pracenje-posiljaka/VN0000774104,,,skipped_cache,
2026-01-22 18:44:40,VN0000777057,https://www.dexpress.rs/rs/pracenje-posiljaka/VN0000777057,,,skipped_cache,
2026-01-22 18:44:40,VN0000777086,https://www.dexpress.rs/rs/pracenje-posiljaka/VN0000777086,,,skipped_cache,
2026-01-22 18:44:40,VN0000777149,https://www.dexpress.rs/rs/pracenje-posiljaka/VN0000777149,,,skipped_cache,
2026-01-22 18:44:40,VN0000778386,https://www.dexpress.rs/rs/pracenje-posiljaka/VN0000778386,,,skipped_cache,
2026-01-22 18:44:40,VN0000778761,https://www.dexpress.rs/rs/pracenje-posiljaka/VN0000778761,,,skipped_cache,
2026-01-22 18:44:40,VN0000779169,https://www.dexpress.rs/rs/pracenje-posiljaka/VN0000779169,,,skipped_cache,
2026-01-22 18:44:40,VN0000779338,https://www.dexpress.rs/rs/pracenje-posiljaka/VN0000779338,,,skipped_cache,
2026-01-22 18:44:40,VN0000779382,https://www.dexpress.rs/rs/pracenje-posiljaka/VN0000779382,,,skipped_cache,
2026-01-22 18:44:40,VN0000780457,https://www.dexpress.rs/rs/pracenje-posiljaka/VN0000780457,,,skipped_cache,
2026-01-22 18:44:40,VN0000780460,https://www.dexpress.rs/rs/pracenje-posiljaka/VN0000780460,,,skipped_cache,
2026-01-22 18:44:40,VN0000780709,https://www.dexpress.rs/rs/pracenje-posiljaka/VN0000780709,,,skipped_cache,
2026-01-22 18:44:40,VN0000780780,https://www.dexpress.rs/rs/pracenje-posiljaka/VN0000780780,,,skipped_cache,
2026-01-22 18:44:40,VN0000783078,https://www.dexpress.rs/rs/pracenje-posiljaka/VN0000783078,,,skipped_cache,
2026-01-22 18:44:40,VN0000783237,https://www.dexpress.rs/rs/pracenje-posiljaka/VN0000783237,,,skipped_cache,
2026-01-22 18:44:40,VN0000783255,https://www.dexpress.rs/rs/pracenje-posiljaka/VN0000783255,,,skipped_cache,
2026-01-22 18:44:40,VN0000783469,https://www.dexpress.rs/rs/pracenje-posiljaka/VN0000783469,,,skipped_cache,
2026-01-22 18:44:40,VN0000783645,https://www.dexpress.rs/rs/pracenje-posiljaka/VN0000783645,,,skipped_cache,
2026-01-22 18:44:40,VN0000783882,https://www.dexpress.rs/rs/pracenje-posiljaka/VN0000783882,,,skipped_cache,
2026-01-22 18:44:40,VN0000786728,https://www.dexpress.rs/rs/pracenje-posiljaka/VN0000786728,,,skipped_cache,
2026-01-22 18:44:40,VN0000786872,https://www.dexpress.rs/rs/pracenje-posiljaka/VN0000786872,,,skipped_cache,
2026-01-22 18:44:40,VN0000786938,https://www.dexpress.rs/rs/pracenje-posiljaka/VN0000786938,,,skipped_cache,
2026-01-22 18:44:40,VN0000787071,https://www.dexpress.rs/rs/pracenje-posiljaka/VN0000787071,,,skipped_cache,
2026-01-22 18:44:40,VN0000787119,https://www.dexpress.rs/rs/pracenje-posiljaka/VN0000787119,,,skipped_cache,
2026-01-22 18:44:40,VN0000787134,https://www.dexpress.rs/rs/pracenje-posiljaka/VN0000787134,,,skipped_cache,
2026-01-22 18:44:40,VN0000787156,https://www.dexpress.rs/rs/pracenje-posiljaka/VN0000787156,,,skipped_cache,
2026-01-22 18:44:40,VN0000787163,https://www.dexpress.rs/rs/pracenje-posiljaka/VN0000787163,,,skipped_cache,
2026-01-22 18:44:40,VN0000787213,https://www.dexpress.rs/rs/pracenje-posiljaka/VN0000787213,,,skipped_cache,
2026-01-22 18:44:40,VN0000787241,https://www.dexpress.rs/rs/pracenje-posiljaka/VN0000787241,,,skipped_cache,
2026-01-22 18:44:40,VN0000787962,https://www.dexpress.rs/rs/pracenje-posiljaka/VN0000787962,,,skipped_cache,
2026-01-22 18:44:40,VN0000789577,https://www.dexpress.rs/rs/pracenje-posiljaka/VN0000789577,,,skipped_cache,
2026-01-22 18:44:40,VN0000790598,https://www.dexpress.rs/rs/pracenje-posiljaka/VN0000790598,,,skipped_cache,
2026-01-22 18:44:40,VN0000790867,https://www.dexpress.rs/rs/pracenje-posiljaka/VN0000790867,,,skipped_cache,
2026-01-22 18:44:40,VN0000792390,https://www.dexpress.rs/rs/pracenje-posiljaka/VN0000792390,,,skipped_cache,
2026-01-22 18:44:40,VN0000792696,https://www.dexpress.rs/rs/pracenje-posiljaka/VN0000792696,,,skipped_cache,
2026-01-22 18:44:40,VN0000792732,https://www.dexpress.rs/rs/pracenje-posiljaka/VN0000792732,,,skipped_cache,
2026-01-22 18:44:40,VN0000792903,https://www.dexpress.rs/rs/pracenje-posiljaka/VN0000792903,,,skipped_cache,
2026-01-22 18:44:40,VN0000795168,https://www.dexpress.rs/rs/pracenje-posiljaka/VN0000795168,,,skipped_cache,
2026-01-22 18:44:40,VN0000796558,https://www.dexpress.rs/rs/pracenje-posiljaka/VN0000796558,,,skipped_cache,
2026-01-22 18:44:40,VN0000799799,https://www.dexpress.rs/rs/pracenje-posiljaka/VN0000799799,,,skipped_cache,
2026-01-22 18:44:40,VN0000802690,https://www.dexpress.rs/rs/pracenje-posiljaka/VN0000802690,,,skipped_cache,
2026-01-22 18:44:40,VN0000803437,https://www.dexpress.rs/rs/pracenje-posiljaka/VN0000803437,,,skipped_cache,
2026-01-22 18:44:40,VN0000803484,https://www.dexpress.rs/rs/pracenje-posiljaka/VN0000803484,,,skipped_cache,
2026-01-22 18:44:40,VN0000803494,https://www.dexpress.rs/rs/pracenje-posiljaka/VN0000803494,,,skipped_cache,
2026-01-22 18:44:40,VN0000803515,https://www.dexpress.rs/rs/pracenje-posiljaka/VN0000803515,,,skipped_cache,
2026-01-22 18:44:40,VN0000805733,https://www.dexpress.rs/rs/pracenje-posiljaka/VN0000805733,,,skipped_cache,
2026-01-22 18:44:40,VN0000805927,https://www.dexpress.rs/rs/pracenje-posiljaka/VN0000805927,,,skipped_cache,
2026-01-22 18:44:40,VN0000807120,https://www.dexpress.rs/rs/pracenje-posiljaka/VN0000807120,,,skipped_cache,
2026-01-22 18:44:40,VN0000807155,https://www.dexpress.rs/rs/pracenje-posiljaka/VN0000807155,,,skipped_cache,
2026-01-22 18:44:40,VN0000808046,https://www.dexpress.rs/rs/pracenje-posiljaka/VN0000808046,,,skipped_cache,
2026-01-22 18:44:40,VN0000808062,https://www.dexpress.rs/rs/pracenje-posiljaka/VN0000808062,,,skipped_cache,
2026-01-22 18:44:40,VN0000808851,https://www.dexpress.rs/rs/pracenje-posiljaka/VN0000808851,,,skipped_cache,
2026-01-22 18:44:40,VN0000810910,https://www.dexpress.rs/rs/pracenje-posiljaka/VN0000810910,,,skipped_cache,
2026-01-22 18:44:40,VN0000811925,https://www.dexpress.rs/rs/pracenje-posiljaka/VN0000811925,,,skipped_cache,
2026-01-22 18:44:40,VN0000812584,https://www.dexpress.rs/rs/pracenje-posiljaka/VN0000812584,,,skipped_cache,
2026-01-22 18:44:40,VN0000813222,https://www.dexpress.rs/rs/pracenje-posiljaka/VN0000813222,,,skipped_cache,
2026-01-22 18:44:40,VN0000814545,https://www.dexpress.rs/rs/pracenje-posiljaka/VN0000814545,,,skipped_cache,
2026-01-22 18:44:40,VN0000817006,https://www.dexpress.rs/rs/pracenje-posiljaka/VN0000817006,,,skipped_cache,
2026-01-22 18:44:40,VN0000820172,https://www.dexpress.rs/rs/pracenje-posiljaka/VN0000820172,,,skipped_cache,
2026-01-22 18:44:40,VN0000820210,https://www.dexpress.rs/rs/pracenje-posiljaka/VN0000820210,,,skipped_cache,
2026-01-22 18:44:40,VN0000820977,https://www.dexpress.rs/rs/pracenje-posiljaka/VN0000820977,,,skipped_cache,
2026-01-22 18:44:40,VN0000825074,https://www.dexpress.rs/rs/pracenje-posiljaka/VN0000825074,,,skipped_cache,
2026-01-22 18:44:40,VN0000827019,https://www.dexpress.rs/rs/pracenje-posiljaka/VN0000827019,,,skipped_cache,
2026-01-22 18:44:40,VN0000827358,https://www.dexpress.rs/rs/pracenje-posiljaka/VN0000827358,,,skipped_cache,
2026-01-22 18:44:40,VN0000831157,https://www.dexpress.rs/rs/pracenje-posiljaka/VN0000831157,,,skipped_cache,
2026-01-22 18:44:40,VN0000831686,https://www.dexpress.rs/rs/pracenje-posiljaka/VN0000831686,,,skipped_cache,
2026-01-22 18:44:40,VN0000831909,https://www.dexpress.rs/rs/pracenje-posiljaka/VN0000831909,,,skipped_cache,
2026-01-22 18:44:40,VN0000832839,https://www.dexpress.rs/rs/pracenje-posiljaka/VN0000832839,,,skipped_cache,
2026-01-22 18:44:40,VN0000832850,https://www.dexpress.rs/rs/pracenje-posiljaka/VN0000832850,,,skipped_cache,
2026-01-22 18:44:41,VN0000833029,https://www.dexpress.rs/rs/pracenje-posiljaka/VN0000833029,,,skipped_cache,
2026-01-22 18:44:41,VN0000834656,https://www.dexpress.rs/rs/pracenje-posiljaka/VN0000834656,,,skipped_cache,
2026-01-22 18:44:41,VN0000835940,https://www.dexpress.rs/rs/pracenje-posiljaka/VN0000835940,,,skipped_cache,
2026-01-22 18:44:41,VN0000839566,https://www.dexpress.rs/rs/pracenje-posiljaka/VN0000839566,,,skipped_cache,
2026-01-22 18:44:41,VN0000839754,https://www.dexpress.rs/rs/pracenje-posiljaka/VN0000839754,,,skipped_cache,
2026-01-22 18:44:41,VN0000840459,https://www.dexpress.rs/rs/pracenje-posiljaka/VN0000840459,,,skipped_cache,
2026-01-22 18:44:41,VN0000840479,https://www.dexpress.rs/rs/pracenje-posiljaka/VN0000840479,,,skipped_cache,
2026-01-22 18:44:41,VN0000840511,https://www.dexpress.rs/rs/pracenje-posiljaka/VN0000840511,,,skipped_cache,
2026-01-22 18:44:41,VN0000844478,https://www.dexpress.rs/rs/pracenje-posiljaka/VN0000844478,,,skipped_cache,
2026-01-22 18:44:41,VN0000844902,https://www.dexpress.rs/rs/pracenje-posiljaka/VN0000844902,,,skipped_cache,
2026-01-22 18:44:41,VN0000845403,https://www.dexpress.rs/rs/pracenje-posiljaka/VN0000845403,,,skipped_cache,
2026-01-22 18:44:41,VN0000845421,https://www.dexpress.rs/rs/pracenje-posiljaka/VN0000845421,,,skipped_cache,
2026-01-22 18:44:41,VN0000846416,https://www.dexpress.rs/rs/pracenje-posiljaka/VN0000846416,,,skipped_cache,
2026-01-22 18:44:41,VN0000846632,https://www.dexpress.rs/rs/pracenje-posiljaka/VN0000846632,,,skipped_cache,
2026-01-22 18:44:41,VN0000846675,https://www.dexpress.rs/rs/pracenje-posiljaka/VN0000846675,200,547,ok,
2026-01-22 18:44:53,VN0000847727,https://www.dexpress.rs/rs/pracenje-posiljaka/VN0000847727,,,skipped_cache,
2026-01-22 18:44:53,VN0000848057,https://www.dexpress.rs/rs/pracenje-posiljaka/VN0000848057,,,skipped_cache,
2026-01-22 18:44:53,VN0000852574,https://www.dexpress.rs/rs/pracenje-posiljaka/VN0000852574,,,skipped_cache,
2026-01-22 18:44:53,VN0000856695,https://www.dexpress.rs/rs/pracenje-posiljaka/VN0000856695,,,skipped_cache,
2026-01-22 18:44:53,VN0000856834,https://www.dexpress.rs/rs/pracenje-posiljaka/VN0000856834,,,skipped_cache,
2026-01-22 18:44:53,VN0000857154,https://www.dexpress.rs/rs/pracenje-posiljaka/VN0000857154,,,skipped_cache,
2026-01-22 18:44:53,VN0000857193,https://www.dexpress.rs/rs/pracenje-posiljaka/VN0000857193,,,skipped_cache,
2026-01-22 18:44:53,VN0000857211,https://www.dexpress.rs/rs/pracenje-posiljaka/VN0000857211,,,skipped_cache,
2026-01-22 18:44:53,VN0000859151,https://www.dexpress.rs/rs/pracenje-posiljaka/VN0000859151,,,skipped_cache,
2026-01-22 18:44:53,VN0000859178,https://www.dexpress.rs/rs/pracenje-posiljaka/VN0000859178,,,skipped_cache,
2026-01-22 18:44:53,VN0000862293,https://www.dexpress.rs/rs/pracenje-posiljaka/VN0000862293,,,skipped_cache,
2026-01-22 18:44:53,VN0000862771,https://www.dexpress.rs/rs/pracenje-posiljaka/VN0000862771,,,skipped_cache,
2026-01-22 18:44:53,VN0000862784,https://www.dexpress.rs/rs/pracenje-posiljaka/VN0000862784,,,skipped_cache,
2026-01-22 18:44:53,VN0000863130,https://www.dexpress.rs/rs/pracenje-posiljaka/VN0000863130,,,skipped_cache,
2026-01-22 18:44:53,VN0000865729,https://www.dexpress.rs/rs/pracenje-posiljaka/VN0000865729,,,skipped_cache,
2026-01-22 18:44:53,VN0000867503,https://www.dexpress.rs/rs/pracenje-posiljaka/VN0000867503,,,skipped_cache,
2026-01-22 18:44:53,VN0000867824,https://www.dexpress.rs/rs/pracenje-posiljaka/VN0000867824,,,skipped_cache,
2026-01-22 18:44:53,VN0000869156,https://www.dexpress.rs/rs/pracenje-posiljaka/VN0000869156,,,skipped_cache,
2026-01-22 18:44:53,VN0000875418,https://www.dexpress.rs/rs/pracenje-posiljaka/VN0000875418,,,skipped_cache,
2026-01-22 18:44:53,VN0000877825,https://www.dexpress.rs/rs/pracenje-posiljaka/VN0000877825,,,skipped_cache,
2026-01-22 18:44:53,VN0000878131,https://www.dexpress.rs/rs/pracenje-posiljaka/VN0000878131,,,skipped_cache,
2026-01-22 18:44:53,VN0000878506,https://www.dexpress.rs/rs/pracenje-posiljaka/VN0000878506,,,skipped_cache,
2026-01-22 18:44:53,VN0000878833,https://www.dexpress.rs/rs/pracenje-posiljaka/VN0000878833,,,skipped_cache,
2026-01-22 18:44:53,VN0000883772,https://www.dexpress.rs/rs/pracenje-posiljaka/VN0000883772,,,skipped_cache,
2026-01-22 18:44:53,VN0000885405,https://www.dexpress.rs/rs/pracenje-posiljaka/VN0000885405,,,skipped_cache,
2026-01-22 18:44:53,VN0000885412,https://www.dexpress.rs/rs/pracenje-posiljaka/VN0000885412,,,skipped_cache,
2026-01-22 18:44:53,VN0000885418,https://www.dexpress.rs/rs/pracenje-posiljaka/VN0000885418,,,skipped_cache,
2026-01-22 18:44:53,VN0000888519,https://www.dexpress.rs/rs/pracenje-posiljaka/VN0000888519,,,skipped_cache,
2026-01-22 18:44:53,VN0000888599,https://www.dexpress.rs/rs/pracenje-posiljaka/VN0000888599,,,skipped_cache,
2026-01-22 18:44:53,VN0000891483,https://www.dexpress.rs/rs/pracenje-posiljaka/VN0000891483,,,skipped_cache,
2026-01-22 18:44:53,VN0000892949,https://www.dexpress.rs/rs/pracenje-posiljaka/VN0000892949,,,skipped_cache,
2026-01-22 18:44:53,VN0000892963,https://www.dexpress.rs/rs/pracenje-posiljaka/VN0000892963,,,skipped_cache,
2026-01-22 18:44:53,VN0000894352,https://www.dexpress.rs/rs/pracenje-posiljaka/VN0000894352,,,skipped_cache,
2026-01-22 18:44:53,VN0000895442,https://www.dexpress.rs/rs/pracenje-posiljaka/VN0000895442,,,skipped_cache,
2026-01-22 18:44:53,VN0000896551,https://www.dexpress.rs/rs/pracenje-posiljaka/VN0000896551,,,skipped_cache,
2026-01-22 18:44:53,VN0000896738,https://www.dexpress.rs/rs/pracenje-posiljaka/VN0000896738,,,skipped_cache,
2026-01-22 18:44:53,VN0000897368,https://www.dexpress.rs/rs/pracenje-posiljaka/VN0000897368,,,skipped_cache,
2026-01-22 18:44:53,VN0000897384,https://www.dexpress.rs/rs/pracenje-posiljaka/VN0000897384,,,skipped_cache,
2026-01-22 18:44:53,VN0000897414,https://www.dexpress.rs/rs/pracenje-posiljaka/VN0000897414,,,skipped_cache,
2026-01-22 18:44:53,VN0000897433,https://www.dexpress.rs/rs/pracenje-posiljaka/VN0000897433,,,skipped_cache,
2026-01-22 18:44:53,VN0000898277,https://www.dexpress.rs/rs/pracenje-posiljaka/VN0000898277,,,skipped_cache,
2026-01-22 18:44:53,VN0000898333,https://www.dexpress.rs/rs/pracenje-posiljaka/VN0000898333,,,skipped_cache,
2026-01-22 18:44:53,VN0000898495,https://www.dexpress.rs/rs/pracenje-posiljaka/VN0000898495,,,skipped_cache,
2026-01-22 18:44:53,VN0000901473,https://www.dexpress.rs/rs/pracenje-posiljaka/VN0000901473,,,skipped_cache,
2026-01-22 18:44:53,VN0000902434,https://www.dexpress.rs/rs/pracenje-posiljaka/VN0000902434,,,skipped_cache,
2026-01-22 18:44:53,VN0000903224,https://www.dexpress.rs/rs/pracenje-posiljaka/VN0000903224,,,skipped_cache,
2026-01-22 18:44:53,VN0000904456,https://www.dexpress.rs/rs/pracenje-posiljaka/VN0000904456,,,skipped_cache,
2026-01-22 18:44:53,VN0000905961,https://www.dexpress.rs/rs/pracenje-posiljaka/VN0000905961,,,skipped_cache,
2026-01-22 18:44:53,VN0000905991,https://www.dexpress.rs/rs/pracenje-posiljaka/VN0000905991,,,skipped_cache,
2026-01-22 18:44:53,VN0000905995,https://www.dexpress.rs/rs/pracenje-posiljaka/VN0000905995,,,skipped_cache,
2026-01-22 18:44:53,VN0000910211,https://www.dexpress.rs/rs/pracenje-posiljaka/VN0000910211,,,skipped_cache,
2026-01-22 18:44:53,VN0000910569,https://www.dexpress.rs/rs/pracenje-posiljaka/VN0000910569,,,skipped_cache,
2026-01-22 18:44:53,VN0000910665,https://www.dexpress.rs/rs/pracenje-posiljaka/VN0000910665,,,skipped_cache,
2026-01-22 18:44:53,VN0000910822,https://www.dexpress.rs/rs/pracenje-posiljaka/VN0000910822,,,skipped_cache,
2026-01-22 18:44:53,VN0000911146,https://www.dexpress.rs/rs/pracenje-posiljaka/VN0000911146,,,skipped_cache,
2026-01-22 18:44:53,VN0000911287,https://www.dexpress.rs/rs/pracenje-posiljaka/VN0000911287,,,skipped_cache,
2026-01-22 18:44:53,VN0000911424,https://www.dexpress.rs/rs/pracenje-posiljaka/VN0000911424,,,skipped_cache,
2026-01-22 18:44:53,VN0000911589,https://www.dexpress.rs/rs/pracenje-posiljaka/VN0000911589,,,skipped_cache,
2026-01-22 18:44:53,VN0000911626,https://www.dexpress.rs/rs/pracenje-posiljaka/VN0000911626,,,skipped_cache,
2026-01-22 18:44:53,VN0000911650,https://www.dexpress.rs/rs/pracenje-posiljaka/VN0000911650,,,skipped_cache,
2026-01-22 18:44:53,VN0000911753,https://www.dexpress.rs/rs/pracenje-posiljaka/VN0000911753,,,skipped_cache,
2026-01-22 18:44:53,VN0000911771,https://www.dexpress.rs/rs/pracenje-posiljaka/VN0000911771,,,skipped_cache,
2026-01-22 18:44:53,VN0000911814,https://www.dexpress.rs/rs/pracenje-posiljaka/VN0000911814,,,skipped_cache,
2026-01-22 18:44:53,VN0000911869,https://www.dexpress.rs/rs/pracenje-posiljaka/VN0000911869,,,skipped_cache,
2026-01-22 18:44:53,VN0000912500,https://www.dexpress.rs/rs/pracenje-posiljaka/VN0000912500,,,skipped_cache,
2026-01-22 18:44:53,VN0000912559,https://www.dexpress.rs/rs/pracenje-posiljaka/VN0000912559,,,skipped_cache,
2026-01-22 18:44:53,VN0000912633,https://www.dexpress.rs/rs/pracenje-posiljaka/VN0000912633,,,skipped_cache,
2026-01-22 18:44:53,VN0000913280,https://www.dexpress.rs/rs/pracenje-posiljaka/VN0000913280,,,skipped_cache,
2026-01-22 18:44:53,VN0000913332,https://www.dexpress.rs/rs/pracenje-posiljaka/VN0000913332,,,skipped_cache,
2026-01-22 18:44:54,VN0000913357,https://www.dexpress.rs/rs/pracenje-posiljaka/VN0000913357,,,skipped_cache,
2026-01-22 18:44:54,VN0000913772,https://www.dexpress.rs/rs/pracenje-posiljaka/VN0000913772,,,skipped_cache,
2026-01-22 18:44:54,VN0000913977,https://www.dexpress.rs/rs/pracenje-posiljaka/VN0000913977,,,skipped_cache,
2026-01-22 18:44:54,VN0000914030,https://www.dexpress.rs/rs/pracenje-posiljaka/VN0000914030,,,skipped_cache,
2026-01-22 18:44:54,VN0000914069,https://www.dexpress.rs/rs/pracenje-posiljaka/VN0000914069,,,skipped_cache,
2026-01-22 18:44:54,VN0000914705,https://www.dexpress.rs/rs/pracenje-posiljaka/VN0000914705,,,skipped_cache,
2026-01-22 18:44:54,VN0000915235,https://www.dexpress.rs/rs/pracenje-posiljaka/VN0000915235,,,skipped_cache,
2026-01-22 18:44:54,VN0000915664,https://www.dexpress.rs/rs/pracenje-posiljaka/VN0000915664,,,skipped_cache,
2026-01-22 18:44:54,VN0000919715,https://www.dexpress.rs/rs/pracenje-posiljaka/VN0000919715,,,skipped_cache,
2026-01-22 18:44:54,VN0000919872,https://www.dexpress.rs/rs/pracenje-posiljaka/VN0000919872,,,skipped_cache,
2026-01-22 18:44:54,VN0000920352,https://www.dexpress.rs/rs/pracenje-posiljaka/VN0000920352,,,skipped_cache,
2026-01-22 18:44:54,VN0000921795,https://www.dexpress.rs/rs/pracenje-posiljaka/VN0000921795,,,skipped_cache,
2026-01-22 18:44:54,VN0000921847,https://www.dexpress.rs/rs/pracenje-posiljaka/VN0000921847,,,skipped_cache,
2026-01-22 18:44:54,VN0000921855,https://www.dexpress.rs/rs/pracenje-posiljaka/VN0000921855,,,skipped_cache,
2026-01-22 18:44:54,VN0000922537,https://www.dexpress.rs/rs/pracenje-posiljaka/VN0000922537,,,skipped_cache,
2026-01-22 18:44:54,VN0000925579,https://www.dexpress.rs/rs/pracenje-posiljaka/VN0000925579,,,skipped_cache,
2026-01-22 18:44:54,VN0000926900,https://www.dexpress.rs/rs/pracenje-posiljaka/VN0000926900,,,skipped_cache,
2026-01-22 18:44:54,VN0000926953,https://www.dexpress.rs/rs/pracenje-posiljaka/VN0000926953,,,skipped_cache,
2026-01-22 18:44:54,VN0000927040,https://www.dexpress.rs/rs/pracenje-posiljaka/VN0000927040,,,skipped_cache,
2026-01-22 18:44:54,VN0000927053,https://www.dexpress.rs/rs/pracenje-posiljaka/VN0000927053,,,skipped_cache,
2026-01-22 18:44:54,VN0000928673,https://www.dexpress.rs/rs/pracenje-posiljaka/VN0000928673,,,skipped_cache,
2026-01-22 18:44:54,VN0000929793,https://www.dexpress.rs/rs/pracenje-posiljaka/VN0000929793,,,skipped_cache,
2026-01-22 18:44:54,VN0000931456,https://www.dexpress.rs/rs/pracenje-posiljaka/VN0000931456,,,skipped_cache,
2026-01-22 18:44:54,VN0000931962,https://www.dexpress.rs/rs/pracenje-posiljaka/VN0000931962,,,skipped_cache,
2026-01-22 18:44:54,VN0000932031,https://www.dexpress.rs/rs/pracenje-posiljaka/VN0000932031,,,skipped_cache,
2026-01-22 18:44:54,VN0000932792,https://www.dexpress.rs/rs/pracenje-posiljaka/VN0000932792,,,skipped_cache,
2026-01-22 18:44:54,VN0000933213,https://www.dexpress.rs/rs/pracenje-posiljaka/VN0000933213,,,skipped_cache,
2026-01-22 18:44:54,VN0000933243,https://www.dexpress.rs/rs/pracenje-posiljaka/VN0000933243,,,skipped_cache,
2026-01-22 18:44:54,VN0000933268,https://www.dexpress.rs/rs/pracenje-posiljaka/VN0000933268,,,skipped_cache,
2026-01-22 18:44:54,VN0000933549,https://www.dexpress.rs/rs/pracenje-posiljaka/VN0000933549,,,skipped_cache,
2026-01-22 18:44:54,VN0000934281,https://www.dexpress.rs/rs/pracenje-posiljaka/VN0000934281,,,skipped_cache,
2026-01-22 18:44:54,VN0000934290,https://www.dexpress.rs/rs/pracenje-posiljaka/VN0000934290,,,skipped_cache,
2026-01-22 18:44:54,VN0000934314,https://www.dexpress.rs/rs/pracenje-posiljaka/VN0000934314,,,skipped_cache,
2026-01-22 18:44:54,VN0000934364,https://www.dexpress.rs/rs/pracenje-posiljaka/VN0000934364,,,skipped_cache,
2026-01-22 18:44:54,VN0000934666,https://www.dexpress.rs/rs/pracenje-posiljaka/VN0000934666,,,skipped_cache,
2026-01-22 18:44:54,VN0000934733,https://www.dexpress.rs/rs/pracenje-posiljaka/VN0000934733,,,skipped_cache,
2026-01-22 18:44:54,VN0000936617,https://www.dexpress.rs/rs/pracenje-posiljaka/VN0000936617,,,skipped_cache,
2026-01-22 18:44:54,VN0000938247,https://www.dexpress.rs/rs/pracenje-posiljaka/VN0000938247,,,skipped_cache,
2026-01-22 18:44:54,VN0000938249,https://www.dexpress.rs/rs/pracenje-posiljaka/VN0000938249,,,skipped_cache,
2026-01-22 18:44:54,VN0000938955,https://www.dexpress.rs/rs/pracenje-posiljaka/VN0000938955,,,skipped_cache,
2026-01-22 18:44:54,VN0000939187,https://www.dexpress.rs/rs/pracenje-posiljaka/VN0000939187,,,skipped_cache,
2026-01-22 18:44:54,VN0000939484,https://www.dexpress.rs/rs/pracenje-posiljaka/VN0000939484,,,skipped_cache,
2026-01-22 18:44:54,VN0000939653,https://www.dexpress.rs/rs/pracenje-posiljaka/VN0000939653,,,skipped_cache,
2026-01-22 18:44:54,VN0000939980,https://www.dexpress.rs/rs/pracenje-posiljaka/VN0000939980,,,skipped_cache,
2026-01-22 18:44:54,VN0000941221,https://www.dexpress.rs/rs/pracenje-posiljaka/VN0000941221,,,skipped_cache,
2026-01-22 18:44:54,VN0000941273,https://www.dexpress.rs/rs/pracenje-posiljaka/VN0000941273,,,skipped_cache,
2026-01-22 18:44:54,VN0000941287,https://www.dexpress.rs/rs/pracenje-posiljaka/VN0000941287,,,skipped_cache,
2026-01-22 18:44:54,VN0000941738,https://www.dexpress.rs/rs/pracenje-posiljaka/VN0000941738,,,skipped_cache,
2026-01-22 18:44:54,VN0000941746,https://www.dexpress.rs/rs/pracenje-posiljaka/VN0000941746,,,skipped_cache,
2026-01-22 18:44:54,VN0000942413,https://www.dexpress.rs/rs/pracenje-posiljaka/VN0000942413,,,skipped_cache,
2026-01-22 18:44:54,VN0000942821,https://www.dexpress.rs/rs/pracenje-posiljaka/VN0000942821,,,skipped_cache,
2026-01-22 18:44:54,VN0000943105,https://www.dexpress.rs/rs/pracenje-posiljaka/VN0000943105,,,skipped_cache,
2026-01-22 18:44:54,VN0000944068,https://www.dexpress.rs/rs/pracenje-posiljaka/VN0000944068,,,skipped_cache,
2026-01-22 18:44:54,VN0000945209,https://www.dexpress.rs/rs/pracenje-posiljaka/VN0000945209,,,skipped_cache,
2026-01-22 18:44:54,VN0000948374,https://www.dexpress.rs/rs/pracenje-posiljaka/VN0000948374,,,skipped_cache,
2026-01-22 18:44:54,VN0000948436,https://www.dexpress.rs/rs/pracenje-posiljaka/VN0000948436,,,skipped_cache,
2026-01-22 18:44:54,VN0000948714,https://www.dexpress.rs/rs/pracenje-posiljaka/VN0000948714,,,skipped_cache,
2026-01-22 18:44:54,VN0000948729,https://www.dexpress.rs/rs/pracenje-posiljaka/VN0000948729,,,skipped_cache,
2026-01-22 18:44:54,VN0000948740,https://www.dexpress.rs/rs/pracenje-posiljaka/VN0000948740,,,skipped_cache,
2026-01-22 18:44:54,VN0000949330,https://www.dexpress.rs/rs/pracenje-posiljaka/VN0000949330,,,skipped_cache,
2026-01-22 18:44:54,VN0000949605,https://www.dexpress.rs/rs/pracenje-posiljaka/VN0000949605,,,skipped_cache,
2026-01-22 18:44:54,VN0000950430,https://www.dexpress.rs/rs/pracenje-posiljaka/VN0000950430,,,skipped_cache,
2026-01-22 18:44:54,VN0000950509,https://www.dexpress.rs/rs/pracenje-posiljaka/VN0000950509,,,skipped_cache,
2026-01-22 18:44:54,VN0000950663,https://www.dexpress.rs/rs/pracenje-posiljaka/VN0000950663,,,skipped_cache,
2026-01-22 18:44:54,VN0000950996,https://www.dexpress.rs/rs/pracenje-posiljaka/VN0000950996,,,skipped_cache,
2026-01-22 18:44:54,VN0000951636,https://www.dexpress.rs/rs/pracenje-posiljaka/VN0000951636,,,skipped_cache,
2026-01-22 18:44:54,VN0000954430,https://www.dexpress.rs/rs/pracenje-posiljaka/VN0000954430,,,skipped_cache,
2026-01-22 18:44:54,VN0000954799,https://www.dexpress.rs/rs/pracenje-posiljaka/VN0000954799,,,skipped_cache,
2026-01-22 18:44:54,VN0000954868,https://www.dexpress.rs/rs/pracenje-posiljaka/VN0000954868,,,skipped_cache,
2026-01-22 18:44:54,VN0000955513,https://www.dexpress.rs/rs/pracenje-posiljaka/VN0000955513,,,skipped_cache,
2026-01-22 18:44:54,VN0000955744,https://www.dexpress.rs/rs/pracenje-posiljaka/VN0000955744,,,skipped_cache,
2026-01-22 18:44:54,VN0000957791,https://www.dexpress.rs/rs/pracenje-posiljaka/VN0000957791,,,skipped_cache,
2026-01-22 18:44:54,VN0000957881,https://www.dexpress.rs/rs/pracenje-posiljaka/VN0000957881,,,skipped_cache,
2026-01-22 18:44:54,VN0000958169,https://www.dexpress.rs/rs/pracenje-posiljaka/VN0000958169,,,skipped_cache,
2026-01-22 18:44:54,VN0000960387,https://www.dexpress.rs/rs/pracenje-posiljaka/VN0000960387,,,skipped_cache,
2026-01-22 18:44:54,VN0000961056,https://www.dexpress.rs/rs/pracenje-posiljaka/VN0000961056,,,skipped_cache,
2026-01-22 18:44:54,VN0000961071,https://www.dexpress.rs/rs/pracenje-posiljaka/VN0000961071,,,skipped_cache,
2026-01-22 18:44:54,VN0000961115,https://www.dexpress.rs/rs/pracenje-posiljaka/VN0000961115,,,skipped_cache,
2026-01-22 18:44:54,VN0000961147,https://www.dexpress.rs/rs/pracenje-posiljaka/VN0000961147,,,skipped_cache,
2026-01-22 18:44:54,VN0000961356,https://www.dexpress.rs/rs/pracenje-posiljaka/VN0000961356,,,skipped_cache,
2026-01-22 18:44:54,VN0000962484,https://www.dexpress.rs/rs/pracenje-posiljaka/VN0000962484,,,skipped_cache,
2026-01-22 18:44:54,VN0000963104,https://www.dexpress.rs/rs/pracenje-posiljaka/VN0000963104,,,skipped_cache,
2026-01-22 18:44:54,VN0000963385,https://www.dexpress.rs/rs/pracenje-posiljaka/VN0000963385,,,skipped_cache,
2026-01-22 18:44:54,VN0000964555,https://www.dexpress.rs/rs/pracenje-posiljaka/VN0000964555,,,skipped_cache,
2026-01-22 18:44:54,VN0000964560,https://www.dexpress.rs/rs/pracenje-posiljaka/VN0000964560,,,skipped_cache,
2026-01-22 18:44:54,VN0000964580,https://www.dexpress.rs/rs/pracenje-posiljaka/VN0000964580,,,skipped_cache,
2026-01-22 18:44:54,VN0000965260,https://www.dexpress.rs/rs/pracenje-posiljaka/VN0000965260,,,skipped_cache,
2026-01-22 18:44:54,VN0000965444,https://www.dexpress.rs/rs/pracenje-posiljaka/VN0000965444,,,skipped_cache,
2026-01-22 18:44:54,VN0000966931,https://www.dexpress.rs/rs/pracenje-posiljaka/VN0000966931,,,skipped_cache,
2026-01-22 18:44:54,VN0000968223,https://www.dexpress.rs/rs/pracenje-posiljaka/VN0000968223,,,skipped_cache,
2026-01-22 18:44:54,VN0000968545,https://www.dexpress.rs/rs/pracenje-posiljaka/VN0000968545,,,skipped_cache,
2026-01-22 18:44:54,VN0000968621,https://www.dexpress.rs/rs/pracenje-posiljaka/VN0000968621,,,skipped_cache,
2026-01-22 18:44:54,VN0000970029,https://www.dexpress.rs/rs/pracenje-posiljaka/VN0000970029,,,skipped_cache,
2026-01-22 18:44:54,VN0000970574,https://www.dexpress.rs/rs/pracenje-posiljaka/VN0000970574,,,skipped_cache,
2026-01-22 18:44:55,VN0000971796,https://www.dexpress.rs/rs/pracenje-posiljaka/VN0000971796,200,375,no_data,
2026-01-22 18:45:06,VN0000972534,https://www.dexpress.rs/rs/pracenje-posiljaka/VN0000972534,,,skipped_cache,
2026-01-22 18:45:06,VN0000972673,https://www.dexpress.rs/rs/pracenje-posiljaka/VN0000972673,,,skipped_cache,
2026-01-22 18:45:06,VN0000972744,https://www.dexpress.rs/rs/pracenje-posiljaka/VN0000972744,,,skipped_cache,
2026-01-22 18:45:06,VN0000973373,https://www.dexpress.rs/rs/pracenje-posiljaka/VN0000973373,,,skipped_cache,
2026-01-22 18:45:06,VN0000973813,https://www.dexpress.rs/rs/pracenje-posiljaka/VN0000973813,,,skipped_cache,
2026-01-22 18:45:06,VN0000974042,https://www.dexpress.rs/rs/pracenje-posiljaka/VN0000974042,,,skipped_cache,
2026-01-22 18:45:06,VN0000974051,https://www.dexpress.rs/rs/pracenje-posiljaka/VN0000974051,,,skipped_cache,
2026-01-22 18:45:06,VN0000974096,https://www.dexpress.rs/rs/pracenje-posiljaka/VN0000974096,,,skipped_cache,
2026-01-22 18:45:06,VN0000974516,https://www.dexpress.rs/rs/pracenje-posiljaka/VN0000974516,,,skipped_cache,
2026-01-22 18:45:06,VN0000975238,https://www.dexpress.rs/rs/pracenje-posiljaka/VN0000975238,,,skipped_cache,
2026-01-22 18:45:06,VN0000977240,https://www.dexpress.rs/rs/pracenje-posiljaka/VN0000977240,,,skipped_cache,
2026-01-22 18:45:06,VN0000978120,https://www.dexpress.rs/rs/pracenje-posiljaka/VN0000978120,,,skipped_cache,
2026-01-22 18:45:06,VN0000978845,https://www.dexpress.rs/rs/pracenje-posiljaka/VN0000978845,,,skipped_cache,
2026-01-22 18:45:06,VN0000979814,https://www.dexpress.rs/rs/pracenje-posiljaka/VN0000979814,,,skipped_cache,
2026-01-22 18:45:06,VN0000981575,https://www.dexpress.rs/rs/pracenje-posiljaka/VN0000981575,,,skipped_cache,
2026-01-22 18:45:06,VN0000982327,https://www.dexpress.rs/rs/pracenje-posiljaka/VN0000982327,,,skipped_cache,
2026-01-22 18:45:06,VN0000982374,https://www.dexpress.rs/rs/pracenje-posiljaka/VN0000982374,,,skipped_cache,
2026-01-22 18:45:06,VN0000982385,https://www.dexpress.rs/rs/pracenje-posiljaka/VN0000982385,,,skipped_cache,
2026-01-22 18:45:06,VN0000982389,https://www.dexpress.rs/rs/pracenje-posiljaka/VN0000982389,,,skipped_cache,
2026-01-22 18:45:06,VN0000982964,https://www.dexpress.rs/rs/pracenje-posiljaka/VN0000982964,,,skipped_cache,
2026-01-22 18:45:06,VN0000983360,https://www.dexpress.rs/rs/pracenje-posiljaka/VN0000983360,,,skipped_cache,
2026-01-22 18:45:06,VN0000983993,https://www.dexpress.rs/rs/pracenje-posiljaka/VN0000983993,,,skipped_cache,
2026-01-22 18:45:06,VN0000984551,https://www.dexpress.rs/rs/pracenje-posiljaka/VN0000984551,,,skipped_cache,
2026-01-22 18:45:06,VN0000984594,https://www.dexpress.rs/rs/pracenje-posiljaka/VN0000984594,,,skipped_cache,
2026-01-22 18:45:06,VN0000985126,https://www.dexpress.rs/rs/pracenje-posiljaka/VN0000985126,,,skipped_cache,
2026-01-22 18:45:06,VN0000985641,https://www.dexpress.rs/rs/pracenje-posiljaka/VN0000985641,,,skipped_cache,
2026-01-22 18:45:06,VN0000985884,https://www.dexpress.rs/rs/pracenje-posiljaka/VN0000985884,,,skipped_cache,
2026-01-22 18:45:06,VN0000985889,https://www.dexpress.rs/rs/pracenje-posiljaka/VN0000985889,,,skipped_cache,
2026-01-22 18:45:06,VN0000986199,https://www.dexpress.rs/rs/pracenje-posiljaka/VN0000986199,,,skipped_cache,
2026-01-22 18:45:06,VN0000986565,https://www.dexpress.rs/rs/pracenje-posiljaka/VN0000986565,,,skipped_cache,
2026-01-22 18:45:06,VN0000986589,https://www.dexpress.rs/rs/pracenje-posiljaka/VN0000986589,,,skipped_cache,
2026-01-22 18:45:06,VN0000986600,https://www.dexpress.rs/rs/pracenje-posiljaka/VN0000986600,,,skipped_cache,
2026-01-22 18:45:06,VN0000987268,https://www.dexpress.rs/rs/pracenje-posiljaka/VN0000987268,,,skipped_cache,
2026-01-22 18:45:06,VN0000987291,https://www.dexpress.rs/rs/pracenje-posiljaka/VN0000987291,,,skipped_cache,
2026-01-22 18:45:06,VN0000987854,https://www.dexpress.rs/rs/pracenje-posiljaka/VN0000987854,,,skipped_cache,
2026-01-22 18:45:06,VN0000987935,https://www.dexpress.rs/rs/pracenje-posiljaka/VN0000987935,,,skipped_cache,
2026-01-22 18:45:06,VN0000988150,https://www.dexpress.rs/rs/pracenje-posiljaka/VN0000988150,,,skipped_cache,
2026-01-22 18:45:06,VN0000989524,https://www.dexpress.rs/rs/pracenje-posiljaka/VN0000989524,,,skipped_cache,
2026-01-22 18:45:06,VN0000990435,https://www.dexpress.rs/rs/pracenje-posiljaka/VN0000990435,,,skipped_cache,
2026-01-22 18:45:06,VN0000991338,https://www.dexpress.rs/rs/pracenje-posiljaka/VN0000991338,,,skipped_cache,
2026-01-22 18:45:06,VN0000995378,https://www.dexpress.rs/rs/pracenje-posiljaka/VN0000995378,,,skipped_cache,
2026-01-22 18:45:06,VN0000996443,https://www.dexpress.rs/rs/pracenje-posiljaka/VN0000996443,,,skipped_cache,
2026-01-22 18:45:06,VN0000996575,https://www.dexpress.rs/rs/pracenje-posiljaka/VN0000996575,,,skipped_cache,
2026-01-22 18:45:06,VN0000997792,https://www.dexpress.rs/rs/pracenje-posiljaka/VN0000997792,,,skipped_cache,
2026-01-22 18:45:06,VN0000997816,https://www.dexpress.rs/rs/pracenje-posiljaka/VN0000997816,,,skipped_cache,
2026-01-22 18:45:06,VN0000997873,https://www.dexpress.rs/rs/pracenje-posiljaka/VN0000997873,200,427,ok,
2026-01-22 18:45:15,VN0000998059,https://www.dexpress.rs/rs/pracenje-posiljaka/VN0000998059,,,skipped_cache,
2026-01-22 18:45:15,VN0000998305,https://www.dexpress.rs/rs/pracenje-posiljaka/VN0000998305,,,skipped_cache,
2026-01-22 18:45:15,VN0000999862,https://www.dexpress.rs/rs/pracenje-posiljaka/VN0000999862,,,skipped_cache,
2026-01-22 18:45:15,VN0001000444,https://www.dexpress.rs/rs/pracenje-posiljaka/VN0001000444,,,skipped_cache,
2026-01-22 18:45:15,VN0001002549,https://www.dexpress.rs/rs/pracenje-posiljaka/VN0001002549,,,skipped_cache,
2026-01-22 18:45:15,VN0001003079,https://www.dexpress.rs/rs/pracenje-posiljaka/VN0001003079,,,skipped_cache,
2026-01-22 18:45:15,VN0001003122,https://www.dexpress.rs/rs/pracenje-posiljaka/VN0001003122,,,skipped_cache,
2026-01-22 18:45:15,VN0001003600,https://www.dexpress.rs/rs/pracenje-posiljaka/VN0001003600,,,skipped_cache,
2026-01-22 18:45:15,VN0001005015,https://www.dexpress.rs/rs/pracenje-posiljaka/VN0001005015,,,skipped_cache,
2026-01-22 18:45:15,VN0001005086,https://www.dexpress.rs/rs/pracenje-posiljaka/VN0001005086,,,skipped_cache,
2026-01-22 18:45:15,VN0001005424,https://www.dexpress.rs/rs/pracenje-posiljaka/VN0001005424,,,skipped_cache,
2026-01-22 18:45:15,VN0001005767,https://www.dexpress.rs/rs/pracenje-posiljaka/VN0001005767,,,skipped_cache,
2026-01-22 18:45:15,VN0001006089,https://www.dexpress.rs/rs/pracenje-posiljaka/VN0001006089,,,skipped_cache,
2026-01-22 18:45:15,VN0001007844,https://www.dexpress.rs/rs/pracenje-posiljaka/VN0001007844,,,skipped_cache,
2026-01-22 18:45:15,VN0001011332,https://www.dexpress.rs/rs/pracenje-posiljaka/VN0001011332,,,skipped_cache,
2026-01-22 18:45:15,VN0001012876,https://www.dexpress.rs/rs/pracenje-posiljaka/VN0001012876,,,skipped_cache,
2026-01-22 18:45:15,VN0001013541,https://www.dexpress.rs/rs/pracenje-posiljaka/VN0001013541,,,skipped_cache,
2026-01-22 18:45:15,VN0001014046,https://www.dexpress.rs/rs/pracenje-posiljaka/VN0001014046,,,skipped_cache,
2026-01-22 18:45:15,VN0001017297,https://www.dexpress.rs/rs/pracenje-posiljaka/VN0001017297,,,skipped_cache,
2026-01-22 18:45:15,VN0001017788,https://www.dexpress.rs/rs/pracenje-posiljaka/VN0001017788,,,skipped_cache,
2026-01-22 18:45:15,VN0001018872,https://www.dexpress.rs/rs/pracenje-posiljaka/VN0001018872,,,skipped_cache,
2026-01-22 18:45:15,VN0001021016,https://www.dexpress.rs/rs/pracenje-posiljaka/VN0001021016,,,skipped_cache,
2026-01-22 18:45:15,VN0001023887,https://www.dexpress.rs/rs/pracenje-posiljaka/VN0001023887,,,skipped_cache,
2026-01-22 18:45:15,VN0001024075,https://www.dexpress.rs/rs/pracenje-posiljaka/VN0001024075,,,skipped_cache,
2026-01-22 18:45:15,VN0001029640,https://www.dexpress.rs/rs/pracenje-posiljaka/VN0001029640,,,skipped_cache,
2026-01-22 18:45:15,VN0001029648,https://www.dexpress.rs/rs/pracenje-posiljaka/VN0001029648,,,skipped_cache,
2026-01-22 18:45:15,VN0001029829,https://www.dexpress.rs/rs/pracenje-posiljaka/VN0001029829,,,skipped_cache,
2026-01-22 18:45:15,VN0001031516,https://www.dexpress.rs/rs/pracenje-posiljaka/VN0001031516,,,skipped_cache,
2026-01-22 18:45:15,VN0001032999,https://www.dexpress.rs/rs/pracenje-posiljaka/VN0001032999,,,skipped_cache,
2026-01-22 18:45:15,VN0001033019,https://www.dexpress.rs/rs/pracenje-posiljaka/VN0001033019,,,skipped_cache,
2026-01-22 18:45:15,VN0001035543,https://www.dexpress.rs/rs/pracenje-posiljaka/VN0001035543,,,skipped_cache,
2026-01-22 18:45:16,VN0001035623,https://www.dexpress.rs/rs/pracenje-posiljaka/VN0001035623,,,skipped_cache,
2026-01-22 18:45:16,VN0001036444,https://www.dexpress.rs/rs/pracenje-posiljaka/VN0001036444,,,skipped_cache,
2026-01-22 18:45:16,VN0001037393,https://www.dexpress.rs/rs/pracenje-posiljaka/VN0001037393,,,skipped_cache,
2026-01-22 18:45:16,VN0001038372,https://www.dexpress.rs/rs/pracenje-posiljaka/VN0001038372,,,skipped_cache,
2026-01-22 18:45:16,VN0001038740,https://www.dexpress.rs/rs/pracenje-posiljaka/VN0001038740,,,skipped_cache,
2026-01-22 18:45:16,VN0001039074,https://www.dexpress.rs/rs/pracenje-posiljaka/VN0001039074,,,skipped_cache,
2026-01-22 18:45:16,VN0001039645,https://www.dexpress.rs/rs/pracenje-posiljaka/VN0001039645,,,skipped_cache,
2026-01-22 18:45:16,VN0001039992,https://www.dexpress.rs/rs/pracenje-posiljaka/VN0001039992,,,skipped_cache,
2026-01-22 18:45:16,VN0001040838,https://www.dexpress.rs/rs/pracenje-posiljaka/VN0001040838,,,skipped_cache,
2026-01-22 18:45:16,VN0001041215,https://www.dexpress.rs/rs/pracenje-posiljaka/VN0001041215,,,skipped_cache,
2026-01-22 18:45:16,VN0001046141,https://www.dexpress.rs/rs/pracenje-posiljaka/VN0001046141,,,skipped_cache,
2026-01-22 18:45:16,VN0001046193,https://www.dexpress.rs/rs/pracenje-posiljaka/VN0001046193,,,skipped_cache,
2026-01-22 18:45:16,VN0001046279,https://www.dexpress.rs/rs/pracenje-posiljaka/VN0001046279,,,skipped_cache,
2026-01-22 18:45:16,VN0001046892,https://www.dexpress.rs/rs/pracenje-posiljaka/VN0001046892,,,skipped_cache,
2026-01-22 18:45:16,VN0001050386,https://www.dexpress.rs/rs/pracenje-posiljaka/VN0001050386,,,skipped_cache,
2026-01-22 18:45:16,VN0001050725,https://www.dexpress.rs/rs/pracenje-posiljaka/VN0001050725,,,skipped_cache,
2026-01-22 18:45:16,VN0001052291,https://www.dexpress.rs/rs/pracenje-posiljaka/VN0001052291,,,skipped_cache,
2026-01-22 18:45:16,VN0001052377,https://www.dexpress.rs/rs/pracenje-posiljaka/VN0001052377,,,skipped_cache,
2026-01-22 18:45:16,VN0001052599,https://www.dexpress.rs/rs/pracenje-posiljaka/VN0001052599,,,skipped_cache,
2026-01-22 18:45:16,VN0001054186,https://www.dexpress.rs/rs/pracenje-posiljaka/VN0001054186,,,skipped_cache,
2026-01-22 18:45:16,VN0001054398,https://www.dexpress.rs/rs/pracenje-posiljaka/VN0001054398,,,skipped_cache,
2026-01-22 18:45:16,VN0001054675,https://www.dexpress.rs/rs/pracenje-posiljaka/VN0001054675,,,skipped_cache,
2026-01-22 18:45:16,VN0001054887,https://www.dexpress.rs/rs/pracenje-posiljaka/VN0001054887,,,skipped_cache,
2026-01-22 18:45:16,VN0001055362,https://www.dexpress.rs/rs/pracenje-posiljaka/VN0001055362,,,skipped_cache,
2026-01-22 18:45:16,VN0001055548,https://www.dexpress.rs/rs/pracenje-posiljaka/VN0001055548,,,skipped_cache,
2026-01-22 18:45:16,VN0001055678,https://www.dexpress.rs/rs/pracenje-posiljaka/VN0001055678,,,skipped_cache,
2026-01-22 18:45:16,VN0001055699,https://www.dexpress.rs/rs/pracenje-posiljaka/VN0001055699,,,skipped_cache,
2026-01-22 18:45:16,VN0001057159,https://www.dexpress.rs/rs/pracenje-posiljaka/VN0001057159,,,skipped_cache,
2026-01-22 18:45:16,VN0001057789,https://www.dexpress.rs/rs/pracenje-posiljaka/VN0001057789,,,skipped_cache,
2026-01-22 18:45:16,VN0001059470,https://www.dexpress.rs/rs/pracenje-posiljaka/VN0001059470,,,skipped_cache,
2026-01-22 18:45:16,VN0001059496,https://www.dexpress.rs/rs/pracenje-posiljaka/VN0001059496,,,skipped_cache,
2026-01-22 18:45:16,VN0001060330,https://www.dexpress.rs/rs/pracenje-posiljaka/VN0001060330,,,skipped_cache,
2026-01-22 18:45:16,VN0001060346,https://www.dexpress.rs/rs/pracenje-posiljaka/VN0001060346,,,skipped_cache,
2026-01-22 18:45:16,VN0001060961,https://www.dexpress.rs/rs/pracenje-posiljaka/VN0001060961,,,skipped_cache,
2026-01-22 18:45:16,VN0001061571,https://www.dexpress.rs/rs/pracenje-posiljaka/VN0001061571,,,skipped_cache,
2026-01-22 18:45:16,VN0001062685,https://www.dexpress.rs/rs/pracenje-posiljaka/VN0001062685,,,skipped_cache,
2026-01-22 18:45:16,VN0001063846,https://www.dexpress.rs/rs/pracenje-posiljaka/VN0001063846,,,skipped_cache,
2026-01-22 18:45:16,VN0001063894,https://www.dexpress.rs/rs/pracenje-posiljaka/VN0001063894,,,skipped_cache,
2026-01-22 18:45:16,VN0001064005,https://www.dexpress.rs/rs/pracenje-posiljaka/VN0001064005,,,skipped_cache,
2026-01-22 18:45:16,VN0001064596,https://www.dexpress.rs/rs/pracenje-posiljaka/VN0001064596,,,skipped_cache,
2026-01-22 18:45:16,VN0001065553,https://www.dexpress.rs/rs/pracenje-posiljaka/VN0001065553,,,skipped_cache,
2026-01-22 18:45:16,VN0001065887,https://www.dexpress.rs/rs/pracenje-posiljaka/VN0001065887,,,skipped_cache,
2026-01-22 18:45:16,VN0001066682,https://www.dexpress.rs/rs/pracenje-posiljaka/VN0001066682,,,skipped_cache,
2026-01-22 18:45:16,VN0001066703,https://www.dexpress.rs/rs/pracenje-posiljaka/VN0001066703,,,skipped_cache,
2026-01-22 18:45:16,VN0001066711,https://www.dexpress.rs/rs/pracenje-posiljaka/VN0001066711,,,skipped_cache,
2026-01-22 18:45:16,VN0001067928,https://www.dexpress.rs/rs/pracenje-posiljaka/VN0001067928,,,skipped_cache,
2026-01-22 18:45:16,VN0001067939,https://www.dexpress.rs/rs/pracenje-posiljaka/VN0001067939,,,skipped_cache,
2026-01-22 18:45:16,VN0001068647,https://www.dexpress.rs/rs/pracenje-posiljaka/VN0001068647,,,skipped_cache,
2026-01-22 18:45:16,VN0001070844,https://www.dexpress.rs/rs/pracenje-posiljaka/VN0001070844,,,skipped_cache,
2026-01-22 18:45:16,VN0001070937,https://www.dexpress.rs/rs/pracenje-posiljaka/VN0001070937,,,skipped_cache,
2026-01-22 18:45:16,VN0001071080,https://www.dexpress.rs/rs/pracenje-posiljaka/VN0001071080,,,skipped_cache,
2026-01-22 18:45:16,VN0001071142,https://www.dexpress.rs/rs/pracenje-posiljaka/VN0001071142,,,skipped_cache,
2026-01-22 18:45:16,VN0001071462,https://www.dexpress.rs/rs/pracenje-posiljaka/VN0001071462,,,skipped_cache,
2026-01-22 18:45:16,VN0001071472,https://www.dexpress.rs/rs/pracenje-posiljaka/VN0001071472,,,skipped_cache,
2026-01-22 18:45:16,VN0001071542,https://www.dexpress.rs/rs/pracenje-posiljaka/VN0001071542,,,skipped_cache,
2026-01-22 18:45:16,VN0001071684,https://www.dexpress.rs/rs/pracenje-posiljaka/VN0001071684,,,skipped_cache,
2026-01-22 18:45:16,VN0001071718,https://www.dexpress.rs/rs/pracenje-posiljaka/VN0001071718,,,skipped_cache,
2026-01-22 18:45:16,VN0001072601,https://www.dexpress.rs/rs/pracenje-posiljaka/VN0001072601,,,skipped_cache,
2026-01-22 18:45:16,VN0001074426,https://www.dexpress.rs/rs/pracenje-posiljaka/VN0001074426,,,skipped_cache,
2026-01-22 18:45:16,VN0001075392,https://www.dexpress.rs/rs/pracenje-posiljaka/VN0001075392,,,skipped_cache,
2026-01-22 18:45:16,VN0001075410,https://www.dexpress.rs/rs/pracenje-posiljaka/VN0001075410,,,skipped_cache,
2026-01-22 18:45:16,VN0001075890,https://www.dexpress.rs/rs/pracenje-posiljaka/VN0001075890,,,skipped_cache,
2026-01-22 18:45:16,VN0001077245,https://www.dexpress.rs/rs/pracenje-posiljaka/VN0001077245,,,skipped_cache,
2026-01-22 18:45:16,VN0001077257,https://www.dexpress.rs/rs/pracenje-posiljaka/VN0001077257,,,skipped_cache,
2026-01-22 18:45:16,VN0001077342,https://www.dexpress.rs/rs/pracenje-posiljaka/VN0001077342,,,skipped_cache,
2026-01-22 18:45:16,VN0001078044,https://www.dexpress.rs/rs/pracenje-posiljaka/VN0001078044,,,skipped_cache,
2026-01-22 18:45:16,VN0001078566,https://www.dexpress.rs/rs/pracenje-posiljaka/VN0001078566,,,skipped_cache,
2026-01-22 18:45:16,VN0001079707,https://www.dexpress.rs/rs/pracenje-posiljaka/VN0001079707,,,skipped_cache,
2026-01-22 18:45:16,VN0001081914,https://www.dexpress.rs/rs/pracenje-posiljaka/VN0001081914,,,skipped_cache,
2026-01-22 18:45:16,VN0001082925,https://www.dexpress.rs/rs/pracenje-posiljaka/VN0001082925,,,skipped_cache,
2026-01-22 18:45:16,VN0001083165,https://www.dexpress.rs/rs/pracenje-posiljaka/VN0001083165,,,skipped_cache,
2026-01-22 18:45:16,VN0001083379,https://www.dexpress.rs/rs/pracenje-posiljaka/VN0001083379,,,skipped_cache,
2026-01-22 18:45:16,VN0001083706,https://www.dexpress.rs/rs/pracenje-posiljaka/VN0001083706,,,skipped_cache,
2026-01-22 18:45:16,VN0001084152,https://www.dexpress.rs/rs/pracenje-posiljaka/VN0001084152,,,skipped_cache,
2026-01-22 18:45:16,VN0001085720,https://www.dexpress.rs/rs/pracenje-posiljaka/VN0001085720,,,skipped_cache,
2026-01-22 18:45:16,VN0001086302,https://www.dexpress.rs/rs/pracenje-posiljaka/VN0001086302,,,skipped_cache,
2026-01-22 18:45:16,VN0001086362,https://www.dexpress.rs/rs/pracenje-posiljaka/VN0001086362,,,skipped_cache,
2026-01-22 18:45:16,VN0001086412,https://www.dexpress.rs/rs/pracenje-posiljaka/VN0001086412,,,skipped_cache,
2026-01-22 18:45:16,VN0001086467,https://www.dexpress.rs/rs/pracenje-posiljaka/VN0001086467,,,skipped_cache,
2026-01-22 18:45:16,VN0001086762,https://www.dexpress.rs/rs/pracenje-posiljaka/VN0001086762,,,skipped_cache,
2026-01-22 18:45:16,VN0001086774,https://www.dexpress.rs/rs/pracenje-posiljaka/VN0001086774,,,skipped_cache,
2026-01-22 18:45:16,VN0001086777,https://www.dexpress.rs/rs/pracenje-posiljaka/VN0001086777,,,skipped_cache,
2026-01-22 18:45:16,VN0001086796,https://www.dexpress.rs/rs/pracenje-posiljaka/VN0001086796,,,skipped_cache,
2026-01-22 18:45:16,VN0001086797,https://www.dexpress.rs/rs/pracenje-posiljaka/VN0001086797,,,skipped_cache,
2026-01-22 18:45:16,VN0001088596,https://www.dexpress.rs/rs/pracenje-posiljaka/VN0001088596,,,skipped_cache,
2026-01-22 18:45:16,VN0001088971,https://www.dexpress.rs/rs/pracenje-posiljaka/VN0001088971,,,skipped_cache,
2026-01-22 18:45:16,VN0001088978,https://www.dexpress.rs/rs/pracenje-posiljaka/VN0001088978,,,skipped_cache,
2026-01-22 18:45:16,VN0001089800,https://www.dexpress.rs/rs/pracenje-posiljaka/VN0001089800,,,skipped_cache,
2026-01-22 18:45:16,VN0001090422,https://www.dexpress.rs/rs/pracenje-posiljaka/VN0001090422,,,skipped_cache,
2026-01-22 18:45:16,VN0001090425,https://www.dexpress.rs/rs/pracenje-posiljaka/VN0001090425,,,skipped_cache,
2026-01-22 18:45:16,VN0001091974,https://www.dexpress.rs/rs/pracenje-posiljaka/VN0001091974,,,skipped_cache,
2026-01-22 18:45:16,VN0001092008,https://www.dexpress.rs/rs/pracenje-posiljaka/VN0001092008,,,skipped_cache,
2026-01-22 18:45:16,VN0001092039,https://www.dexpress.rs/rs/pracenje-posiljaka/VN0001092039,,,skipped_cache,
2026-01-22 18:45:16,VN0001092320,https://www.dexpress.rs/rs/pracenje-posiljaka/VN0001092320,,,skipped_cache,
2026-01-22 18:45:16,VN0001093167,https://www.dexpress.rs/rs/pracenje-posiljaka/VN0001093167,,,skipped_cache,
2026-01-22 18:45:16,VN0001093909,https://www.dexpress.rs/rs/pracenje-posiljaka/VN0001093909,,,skipped_cache,
2026-01-22 18:45:17,VN0001093982,https://www.dexpress.rs/rs/pracenje-posiljaka/VN0001093982,200,321,ok,
2026-01-22 18:45:25,VN0001094038,https://www.dexpress.rs/rs/pracenje-posiljaka/VN0001094038,,,skipped_cache,
2026-01-22 18:45:25,VN0001094679,https://www.dexpress.rs/rs/pracenje-posiljaka/VN0001094679,,,skipped_cache,
2026-01-22 18:45:25,VN0001096015,https://www.dexpress.rs/rs/pracenje-posiljaka/VN0001096015,,,skipped_cache,
2026-01-22 18:45:25,VN0001096020,https://www.dexpress.rs/rs/pracenje-posiljaka/VN0001096020,,,skipped_cache,
2026-01-22 18:45:25,VN0001096330,https://www.dexpress.rs/rs/pracenje-posiljaka/VN0001096330,,,skipped_cache,
2026-01-22 18:45:25,VN0001098936,https://www.dexpress.rs/rs/pracenje-posiljaka/VN0001098936,,,skipped_cache,
2026-01-22 18:45:25,VN0001099210,https://www.dexpress.rs/rs/pracenje-posiljaka/VN0001099210,,,skipped_cache,
2026-01-22 18:45:25,VN0001100971,https://www.dexpress.rs/rs/pracenje-posiljaka/VN0001100971,,,skipped_cache,
2026-01-22 18:45:25,VN0001101751,https://www.dexpress.rs/rs/pracenje-posiljaka/VN0001101751,,,skipped_cache,
2026-01-22 18:45:25,VN0001102868,https://www.dexpress.rs/rs/pracenje-posiljaka/VN0001102868,,,skipped_cache,
2026-01-22 18:45:25,VN0001103153,https://www.dexpress.rs/rs/pracenje-posiljaka/VN0001103153,,,skipped_cache,
2026-01-22 18:45:25,VN0001105676,https://www.dexpress.rs/rs/pracenje-posiljaka/VN0001105676,,,skipped_cache,
2026-01-22 18:45:25,VN0001106644,https://www.dexpress.rs/rs/pracenje-posiljaka/VN0001106644,,,skipped_cache,
2026-01-22 18:45:25,VN0001106651,https://www.dexpress.rs/rs/pracenje-posiljaka/VN0001106651,,,skipped_cache,
2026-01-22 18:45:26,VN0001106685,https://www.dexpress.rs/rs/pracenje-posiljaka/VN0001106685,,,skipped_cache,
2026-01-22 18:45:26,VN0001106698,https://www.dexpress.rs/rs/pracenje-posiljaka/VN0001106698,,,skipped_cache,
2026-01-22 18:45:26,VN0001109102,https://www.dexpress.rs/rs/pracenje-posiljaka/VN0001109102,,,skipped_cache,
2026-01-22 18:45:26,VN0001109515,https://www.dexpress.rs/rs/pracenje-posiljaka/VN0001109515,,,skipped_cache,
2026-01-22 18:45:26,VN0001109818,https://www.dexpress.rs/rs/pracenje-posiljaka/VN0001109818,,,skipped_cache,
2026-01-22 18:45:26,VN0001109863,https://www.dexpress.rs/rs/pracenje-posiljaka/VN0001109863,,,skipped_cache,
2026-01-22 18:45:26,VN0001110242,https://www.dexpress.rs/rs/pracenje-posiljaka/VN0001110242,,,skipped_cache,
2026-01-22 18:45:26,VN0001110683,https://www.dexpress.rs/rs/pracenje-posiljaka/VN0001110683,,,skipped_cache,
2026-01-22 18:45:26,VN0001112117,https://www.dexpress.rs/rs/pracenje-posiljaka/VN0001112117,,,skipped_cache,
2026-01-22 18:45:26,VN0001113358,https://www.dexpress.rs/rs/pracenje-posiljaka/VN0001113358,,,skipped_cache,
2026-01-22 18:45:26,VN0001119191,https://www.dexpress.rs/rs/pracenje-posiljaka/VN0001119191,,,skipped_cache,
2026-01-22 18:45:26,VN0001120481,https://www.dexpress.rs/rs/pracenje-posiljaka/VN0001120481,,,skipped_cache,
2026-01-22 18:45:26,VN0001121608,https://www.dexpress.rs/rs/pracenje-posiljaka/VN0001121608,,,skipped_cache,
2026-01-22 18:45:26,VN0001123887,https://www.dexpress.rs/rs/pracenje-posiljaka/VN0001123887,,,skipped_cache,
2026-01-22 18:45:26,VN0001125948,https://www.dexpress.rs/rs/pracenje-posiljaka/VN0001125948,,,skipped_cache,
2026-01-22 18:45:26,VN0001125998,https://www.dexpress.rs/rs/pracenje-posiljaka/VN0001125998,,,skipped_cache,
2026-01-22 18:45:26,VN0001126307,https://www.dexpress.rs/rs/pracenje-posiljaka/VN0001126307,,,skipped_cache,
2026-01-22 18:45:26,VN0001126397,https://www.dexpress.rs/rs/pracenje-posiljaka/VN0001126397,,,skipped_cache,
2026-01-22 18:45:26,VN0001126420,https://www.dexpress.rs/rs/pracenje-posiljaka/VN0001126420,,,skipped_cache,
2026-01-22 18:45:26,VN0001126435,https://www.dexpress.rs/rs/pracenje-posiljaka/VN0001126435,,,skipped_cache,
2026-01-22 18:45:26,VN0001126490,https://www.dexpress.rs/rs/pracenje-posiljaka/VN0001126490,,,skipped_cache,
2026-01-22 18:45:26,VN0001130310,https://www.dexpress.rs/rs/pracenje-posiljaka/VN0001130310,,,skipped_cache,
2026-01-22 18:45:26,VN0001130583,https://www.dexpress.rs/rs/pracenje-posiljaka/VN0001130583,,,skipped_cache,
2026-01-22 18:45:26,VN0001131883,https://www.dexpress.rs/rs/pracenje-posiljaka/VN0001131883,,,skipped_cache,
2026-01-22 18:45:26,VN0001131924,https://www.dexpress.rs/rs/pracenje-posiljaka/VN0001131924,,,skipped_cache,
2026-01-22 18:45:26,VN0001132009,https://www.dexpress.rs/rs/pracenje-posiljaka/VN0001132009,,,skipped_cache,
2026-01-22 18:45:26,VN0001132114,https://www.dexpress.rs/rs/pracenje-posiljaka/VN0001132114,,,skipped_cache,
2026-01-22 18:45:26,VN0001132117,https://www.dexpress.rs/rs/pracenje-posiljaka/VN0001132117,,,skipped_cache,
2026-01-22 18:45:26,VN0001132819,https://www.dexpress.rs/rs/pracenje-posiljaka/VN0001132819,,,skipped_cache,
2026-01-22 18:45:26,VN0001133337,https://www.dexpress.rs/rs/pracenje-posiljaka/VN0001133337,,,skipped_cache,
2026-01-22 18:45:26,VN0001133653,https://www.dexpress.rs/rs/pracenje-posiljaka/VN0001133653,,,skipped_cache,
2026-01-22 18:45:26,VN0001134612,https://www.dexpress.rs/rs/pracenje-posiljaka/VN0001134612,,,skipped_cache,
2026-01-22 18:45:26,VN0001134701,https://www.dexpress.rs/rs/pracenje-posiljaka/VN0001134701,,,skipped_cache,
2026-01-22 18:45:26,VN0001134771,https://www.dexpress.rs/rs/pracenje-posiljaka/VN0001134771,,,skipped_cache,
2026-01-22 18:45:26,VN0001135028,https://www.dexpress.rs/rs/pracenje-posiljaka/VN0001135028,,,skipped_cache,
2026-01-22 18:45:26,VN0001137712,https://www.dexpress.rs/rs/pracenje-posiljaka/VN0001137712,,,skipped_cache,
2026-01-22 18:45:26,VN0001138437,https://www.dexpress.rs/rs/pracenje-posiljaka/VN0001138437,,,skipped_cache,
2026-01-22 18:45:26,VN0001139975,https://www.dexpress.rs/rs/pracenje-posiljaka/VN0001139975,,,skipped_cache,
2026-01-22 18:45:26,VN0001140120,https://www.dexpress.rs/rs/pracenje-posiljaka/VN0001140120,,,skipped_cache,
2026-01-22 18:45:26,VN0001140194,https://www.dexpress.rs/rs/pracenje-posiljaka/VN0001140194,,,skipped_cache,
2026-01-22 18:45:26,VN0001141126,https://www.dexpress.rs/rs/pracenje-posiljaka/VN0001141126,,,skipped_cache,
2026-01-22 18:45:26,VN0001141159,https://www.dexpress.rs/rs/pracenje-posiljaka/VN0001141159,,,skipped_cache,
2026-01-22 18:45:26,VN0001141192,https://www.dexpress.rs/rs/pracenje-posiljaka/VN0001141192,,,skipped_cache,
2026-01-22 18:45:26,VN0001142237,https://www.dexpress.rs/rs/pracenje-posiljaka/VN0001142237,,,skipped_cache,
2026-01-22 18:45:26,VN0001142904,https://www.dexpress.rs/rs/pracenje-posiljaka/VN0001142904,,,skipped_cache,
2026-01-22 18:45:26,VN0001145220,https://www.dexpress.rs/rs/pracenje-posiljaka/VN0001145220,,,skipped_cache,
2026-01-22 18:45:26,VN0001145254,https://www.dexpress.rs/rs/pracenje-posiljaka/VN0001145254,,,skipped_cache,
2026-01-22 18:45:26,VN0001145271,https://www.dexpress.rs/rs/pracenje-posiljaka/VN0001145271,,,skipped_cache,
2026-01-22 18:45:26,VN0001145604,https://www.dexpress.rs/rs/pracenje-posiljaka/VN0001145604,,,skipped_cache,
2026-01-22 18:45:26,VN0001146453,https://www.dexpress.rs/rs/pracenje-posiljaka/VN0001146453,,,skipped_cache,
2026-01-22 18:45:26,VN0001146508,https://www.dexpress.rs/rs/pracenje-posiljaka/VN0001146508,,,skipped_cache,
2026-01-22 18:45:26,VN0001148738,https://www.dexpress.rs/rs/pracenje-posiljaka/VN0001148738,,,skipped_cache,
2026-01-22 18:45:26,VN0001150368,https://www.dexpress.rs/rs/pracenje-posiljaka/VN0001150368,,,skipped_cache,
2026-01-22 18:45:26,VN0001150402,https://www.dexpress.rs/rs/pracenje-posiljaka/VN0001150402,,,skipped_cache,
2026-01-22 18:45:26,VN0001150737,https://www.dexpress.rs/rs/pracenje-posiljaka/VN0001150737,,,skipped_cache,
2026-01-22 18:45:26,VN0001151789,https://www.dexpress.rs/rs/pracenje-posiljaka/VN0001151789,,,skipped_cache,
2026-01-22 18:45:26,VN0001151850,https://www.dexpress.rs/rs/pracenje-posiljaka/VN0001151850,,,skipped_cache,
2026-01-22 18:45:26,VN0001151887,https://www.dexpress.rs/rs/pracenje-posiljaka/VN0001151887,,,skipped_cache,
2026-01-22 18:45:26,VN0001151913,https://www.dexpress.rs/rs/pracenje-posiljaka/VN0001151913,,,skipped_cache,
2026-01-22 18:45:26,VN0001152511,https://www.dexpress.rs/rs/pracenje-posiljaka/VN0001152511,,,skipped_cache,
2026-01-22 18:45:26,VN0001153091,https://www.dexpress.rs/rs/pracenje-posiljaka/VN0001153091,,,skipped_cache,
2026-01-22 18:45:26,VN0001153095,https://www.dexpress.rs/rs/pracenje-posiljaka/VN0001153095,,,skipped_cache,
2026-01-22 18:45:26,VN0001154620,https://www.dexpress.rs/rs/pracenje-posiljaka/VN0001154620,,,skipped_cache,
2026-01-22 18:45:26,VN0001155014,https://www.dexpress.rs/rs/pracenje-posiljaka/VN0001155014,,,skipped_cache,
2026-01-22 18:45:26,VN0001157870,https://www.dexpress.rs/rs/pracenje-posiljaka/VN0001157870,,,skipped_cache,
2026-01-22 18:45:26,VN0001158211,https://www.dexpress.rs/rs/pracenje-posiljaka/VN0001158211,,,skipped_cache,
2026-01-22 18:45:26,VN0001159607,https://www.dexpress.rs/rs/pracenje-posiljaka/VN0001159607,,,skipped_cache,
2026-01-22 18:45:26,VN0001161542,https://www.dexpress.rs/rs/pracenje-posiljaka/VN0001161542,,,skipped_cache,
2026-01-22 18:45:26,VN0001162144,https://www.dexpress.rs/rs/pracenje-posiljaka/VN0001162144,,,skipped_cache,
2026-01-22 18:45:26,VN0001163789,https://www.dexpress.rs/rs/pracenje-posiljaka/VN0001163789,,,skipped_cache,
2026-01-22 18:45:26,VN0001163866,https://www.dexpress.rs/rs/pracenje-posiljaka/VN0001163866,,,skipped_cache,
2026-01-22 18:45:26,VN0001163906,https://www.dexpress.rs/rs/pracenje-posiljaka/VN0001163906,,,skipped_cache,
2026-01-22 18:45:26,VN0001164056,https://www.dexpress.rs/rs/pracenje-posiljaka/VN0001164056,,,skipped_cache,
2026-01-22 18:45:26,VN0001164563,https://www.dexpress.rs/rs/pracenje-posiljaka/VN0001164563,,,skipped_cache,
2026-01-22 18:45:26,VN0001165720,https://www.dexpress.rs/rs/pracenje-posiljaka/VN0001165720,,,skipped_cache,
2026-01-22 18:45:26,VN0001165773,https://www.dexpress.rs/rs/pracenje-posiljaka/VN0001165773,,,skipped_cache,
2026-01-22 18:45:26,VN0001166185,https://www.dexpress.rs/rs/pracenje-posiljaka/VN0001166185,,,skipped_cache,
2026-01-22 18:45:26,VN0001166486,https://www.dexpress.rs/rs/pracenje-posiljaka/VN0001166486,,,skipped_cache,
2026-01-22 18:45:26,VN0001167461,https://www.dexpress.rs/rs/pracenje-posiljaka/VN0001167461,,,skipped_cache,
2026-01-22 18:45:26,VN0001167643,https://www.dexpress.rs/rs/pracenje-posiljaka/VN0001167643,,,skipped_cache,
2026-01-22 18:45:26,VN0001168665,https://www.dexpress.rs/rs/pracenje-posiljaka/VN0001168665,,,skipped_cache,
2026-01-22 18:45:26,VN0001168759,https://www.dexpress.rs/rs/pracenje-posiljaka/VN0001168759,,,skipped_cache,
2026-01-22 18:45:26,VN0001168845,https://www.dexpress.rs/rs/pracenje-posiljaka/VN0001168845,,,skipped_cache,
2026-01-22 18:45:26,VN0001168852,https://www.dexpress.rs/rs/pracenje-posiljaka/VN0001168852,,,skipped_cache,
2026-01-22 18:45:26,VN0001169353,https://www.dexpress.rs/rs/pracenje-posiljaka/VN0001169353,,,skipped_cache,
2026-01-22 18:45:26,VN0001170503,https://www.dexpress.rs/rs/pracenje-posiljaka/VN0001170503,,,skipped_cache,
2026-01-22 18:45:26,VN0001172090,https://www.dexpress.rs/rs/pracenje-posiljaka/VN0001172090,,,skipped_cache,
2026-01-22 18:45:26,VN0001172128,https://www.dexpress.rs/rs/pracenje-posiljaka/VN0001172128,,,skipped_cache,
2026-01-22 18:45:26,VN0001174043,https://www.dexpress.rs/rs/pracenje-posiljaka/VN0001174043,,,skipped_cache,
2026-01-22 18:45:27,VN0001174912,https://www.dexpress.rs/rs/pracenje-posiljaka/VN0001174912,200,384,ok,
2026-01-22 18:45:38,VN0001175089,https://www.dexpress.rs/rs/pracenje-posiljaka/VN0001175089,,,skipped_cache,
2026-01-22 18:45:38,VN0001176163,https://www.dexpress.rs/rs/pracenje-posiljaka/VN0001176163,,,skipped_cache,
2026-01-22 18:45:38,VN0001177314,https://www.dexpress.rs/rs/pracenje-posiljaka/VN0001177314,,,skipped_cache,
2026-01-22 18:45:38,VN0001177664,https://www.dexpress.rs/rs/pracenje-posiljaka/VN0001177664,,,skipped_cache,
2026-01-22 18:45:38,VN0001178689,https://www.dexpress.rs/rs/pracenje-posiljaka/VN0001178689,,,skipped_cache,
2026-01-22 18:45:38,VN0001180644,https://www.dexpress.rs/rs/pracenje-posiljaka/VN0001180644,,,skipped_cache,
2026-01-22 18:45:38,VN0001181406,https://www.dexpress.rs/rs/pracenje-posiljaka/VN0001181406,,,skipped_cache,
2026-01-22 18:45:38,VN0001183024,https://www.dexpress.rs/rs/pracenje-posiljaka/VN0001183024,,,skipped_cache,
2026-01-22 18:45:38,VN0001183115,https://www.dexpress.rs/rs/pracenje-posiljaka/VN0001183115,,,skipped_cache,
2026-01-22 18:45:38,VN0001187041,https://www.dexpress.rs/rs/pracenje-posiljaka/VN0001187041,,,skipped_cache,
2026-01-22 18:45:38,VN0001187172,https://www.dexpress.rs/rs/pracenje-posiljaka/VN0001187172,,,skipped_cache,
2026-01-22 18:45:38,VN0001187398,https://www.dexpress.rs/rs/pracenje-posiljaka/VN0001187398,,,skipped_cache,
2026-01-22 18:45:38,VN0001187438,https://www.dexpress.rs/rs/pracenje-posiljaka/VN0001187438,,,skipped_cache,
2026-01-22 18:45:38,VN0001187450,https://www.dexpress.rs/rs/pracenje-posiljaka/VN0001187450,,,skipped_cache,
2026-01-22 18:45:38,VN0001187500,https://www.dexpress.rs/rs/pracenje-posiljaka/VN0001187500,,,skipped_cache,
2026-01-22 18:45:38,VN0001187517,https://www.dexpress.rs/rs/pracenje-posiljaka/VN0001187517,,,skipped_cache,
2026-01-22 18:45:38,VN0001187534,https://www.dexpress.rs/rs/pracenje-posiljaka/VN0001187534,,,skipped_cache,
2026-01-22 18:45:38,VN0001189217,https://www.dexpress.rs/rs/pracenje-posiljaka/VN0001189217,,,skipped_cache,
2026-01-22 18:45:38,VN0001189251,https://www.dexpress.rs/rs/pracenje-posiljaka/VN0001189251,,,skipped_cache,
2026-01-22 18:45:38,VN0001189720,https://www.dexpress.rs/rs/pracenje-posiljaka/VN0001189720,,,skipped_cache,
2026-01-22 18:45:38,VN0001189820,https://www.dexpress.rs/rs/pracenje-posiljaka/VN0001189820,,,skipped_cache,
2026-01-22 18:45:38,VN0001189900,https://www.dexpress.rs/rs/pracenje-posiljaka/VN0001189900,,,skipped_cache,
2026-01-22 18:45:38,VN0001190658,https://www.dexpress.rs/rs/pracenje-posiljaka/VN0001190658,,,skipped_cache,
2026-01-22 18:45:38,VN0001190681,https://www.dexpress.rs/rs/pracenje-posiljaka/VN0001190681,,,skipped_cache,
2026-01-22 18:45:38,VN0001192708,https://www.dexpress.rs/rs/pracenje-posiljaka/VN0001192708,,,skipped_cache,
2026-01-22 18:45:38,VN0001192746,https://www.dexpress.rs/rs/pracenje-posiljaka/VN0001192746,,,skipped_cache,
2026-01-22 18:45:38,VN0001194818,https://www.dexpress.rs/rs/pracenje-posiljaka/VN0001194818,,,skipped_cache,
2026-01-22 18:45:38,VN0001194852,https://www.dexpress.rs/rs/pracenje-posiljaka/VN0001194852,,,skipped_cache,
2026-01-22 18:45:38,VN0001194864,https://www.dexpress.rs/rs/pracenje-posiljaka/VN0001194864,,,skipped_cache,
2026-01-22 18:45:38,VN0001195229,https://www.dexpress.rs/rs/pracenje-posiljaka/VN0001195229,,,skipped_cache,
2026-01-22 18:45:38,VN0001197494,https://www.dexpress.rs/rs/pracenje-posiljaka/VN0001197494,,,skipped_cache,
2026-01-22 18:45:38,VN0001197769,https://www.dexpress.rs/rs/pracenje-posiljaka/VN0001197769,,,skipped_cache,
2026-01-22 18:45:38,VN0001199385,https://www.dexpress.rs/rs/pracenje-posiljaka/VN0001199385,,,skipped_cache,
2026-01-22 18:45:38,VN0001200748,https://www.dexpress.rs/rs/pracenje-posiljaka/VN0001200748,,,skipped_cache,
2026-01-22 18:45:38,VN0001201441,https://www.dexpress.rs/rs/pracenje-posiljaka/VN0001201441,,,skipped_cache,
2026-01-22 18:45:38,VN0001203121,https://www.dexpress.rs/rs/pracenje-posiljaka/VN0001203121,,,skipped_cache,
2026-01-22 18:45:38,VN0001203410,https://www.dexpress.rs/rs/pracenje-posiljaka/VN0001203410,,,skipped_cache,
2026-01-22 18:45:38,VN0001206759,https://www.dexpress.rs/rs/pracenje-posiljaka/VN0001206759,,,skipped_cache,
2026-01-22 18:45:38,VN0001208923,https://www.dexpress.rs/rs/pracenje-posiljaka/VN0001208923,,,skipped_cache,
2026-01-22 18:45:38,VN0001210401,https://www.dexpress.rs/rs/pracenje-posiljaka/VN0001210401,,,skipped_cache,
2026-01-22 18:45:38,VN0001210445,https://www.dexpress.rs/rs/pracenje-posiljaka/VN0001210445,,,skipped_cache,
2026-01-22 18:45:38,VN0001210531,https://www.dexpress.rs/rs/pracenje-posiljaka/VN0001210531,,,skipped_cache,
2026-01-22 18:45:38,VN0001212950,https://www.dexpress.rs/rs/pracenje-posiljaka/VN0001212950,,,skipped_cache,
2026-01-22 18:45:38,VN0001213031,https://www.dexpress.rs/rs/pracenje-posiljaka/VN0001213031,,,skipped_cache,
2026-01-22 18:45:38,VN0001213056,https://www.dexpress.rs/rs/pracenje-posiljaka/VN0001213056,,,skipped_cache,
2026-01-22 18:45:38,VN0001213063,https://www.dexpress.rs/rs/pracenje-posiljaka/VN0001213063,,,skipped_cache,
2026-01-22 18:45:38,VN0001213680,https://www.dexpress.rs/rs/pracenje-posiljaka/VN0001213680,,,skipped_cache,
2026-01-22 18:45:38,VN0001215412,https://www.dexpress.rs/rs/pracenje-posiljaka/VN0001215412,,,skipped_cache,
2026-01-22 18:45:38,VN0001216280,https://www.dexpress.rs/rs/pracenje-posiljaka/VN0001216280,,,skipped_cache,
2026-01-22 18:45:38,VN0001216295,https://www.dexpress.rs/rs/pracenje-posiljaka/VN0001216295,,,skipped_cache,
2026-01-22 18:45:38,VN0001216324,https://www.dexpress.rs/rs/pracenje-posiljaka/VN0001216324,,,skipped_cache,
2026-01-22 18:45:38,VN0001216724,https://www.dexpress.rs/rs/pracenje-posiljaka/VN0001216724,,,skipped_cache,
2026-01-22 18:45:38,VN0001217550,https://www.dexpress.rs/rs/pracenje-posiljaka/VN0001217550,,,skipped_cache,
2026-01-22 18:45:38,VN0001217558,https://www.dexpress.rs/rs/pracenje-posiljaka/VN0001217558,,,skipped_cache,
2026-01-22 18:45:38,VN0001217614,https://www.dexpress.rs/rs/pracenje-posiljaka/VN0001217614,,,skipped_cache,
2026-01-22 18:45:38,VN0001217639,https://www.dexpress.rs/rs/pracenje-posiljaka/VN0001217639,,,skipped_cache,
2026-01-22 18:45:38,VN0001217897,https://www.dexpress.rs/rs/pracenje-posiljaka/VN0001217897,,,skipped_cache,
2026-01-22 18:45:38,VN0001217959,https://www.dexpress.rs/rs/pracenje-posiljaka/VN0001217959,,,skipped_cache,
2026-01-22 18:45:38,VN0001218268,https://www.dexpress.rs/rs/pracenje-posiljaka/VN0001218268,,,skipped_cache,
2026-01-22 18:45:38,VN0001220708,https://www.dexpress.rs/rs/pracenje-posiljaka/VN0001220708,,,skipped_cache,
2026-01-22 18:45:39,VN0001221761,https://www.dexpress.rs/rs/pracenje-posiljaka/VN0001221761,,,skipped_cache,
2026-01-22 18:45:39,VN0001222054,https://www.dexpress.rs/rs/pracenje-posiljaka/VN0001222054,,,skipped_cache,
2026-01-22 18:45:39,VN0001223975,https://www.dexpress.rs/rs/pracenje-posiljaka/VN0001223975,,,skipped_cache,
2026-01-22 18:45:39,VN0001224211,https://www.dexpress.rs/rs/pracenje-posiljaka/VN0001224211,,,skipped_cache,
2026-01-22 18:45:39,VN0001224618,https://www.dexpress.rs/rs/pracenje-posiljaka/VN0001224618,,,skipped_cache,
2026-01-22 18:45:39,VN0001225504,https://www.dexpress.rs/rs/pracenje-posiljaka/VN0001225504,,,skipped_cache,
2026-01-22 18:45:39,VN0001225750,https://www.dexpress.rs/rs/pracenje-posiljaka/VN0001225750,,,skipped_cache,
2026-01-22 18:45:39,VN0001226859,https://www.dexpress.rs/rs/pracenje-posiljaka/VN0001226859,,,skipped_cache,
2026-01-22 18:45:39,VN0001226862,https://www.dexpress.rs/rs/pracenje-posiljaka/VN0001226862,,,skipped_cache,
2026-01-22 18:45:39,VN0001227056,https://www.dexpress.rs/rs/pracenje-posiljaka/VN0001227056,,,skipped_cache,
2026-01-22 18:45:39,VN0001227175,https://www.dexpress.rs/rs/pracenje-posiljaka/VN0001227175,,,skipped_cache,
2026-01-22 18:45:39,VN0001227879,https://www.dexpress.rs/rs/pracenje-posiljaka/VN0001227879,,,skipped_cache,
2026-01-22 18:45:39,VN0001227895,https://www.dexpress.rs/rs/pracenje-posiljaka/VN0001227895,,,skipped_cache,
2026-01-22 18:45:39,VN0001228236,https://www.dexpress.rs/rs/pracenje-posiljaka/VN0001228236,,,skipped_cache,
2026-01-22 18:45:39,VN0001228433,https://www.dexpress.rs/rs/pracenje-posiljaka/VN0001228433,,,skipped_cache,
2026-01-22 18:45:39,VN0001228629,https://www.dexpress.rs/rs/pracenje-posiljaka/VN0001228629,,,skipped_cache,
2026-01-22 18:45:39,VN0001229458,https://www.dexpress.rs/rs/pracenje-posiljaka/VN0001229458,,,skipped_cache,
2026-01-22 18:45:39,VN0001230073,https://www.dexpress.rs/rs/pracenje-posiljaka/VN0001230073,,,skipped_cache,
2026-01-22 18:45:39,VN0001230108,https://www.dexpress.rs/rs/pracenje-posiljaka/VN0001230108,,,skipped_cache,
2026-01-22 18:45:39,VN0001230229,https://www.dexpress.rs/rs/pracenje-posiljaka/VN0001230229,,,skipped_cache,
2026-01-22 18:45:39,VN0001230257,https://www.dexpress.rs/rs/pracenje-posiljaka/VN0001230257,,,skipped_cache,
2026-01-22 18:45:39,VN0001230279,https://www.dexpress.rs/rs/pracenje-posiljaka/VN0001230279,,,skipped_cache,
2026-01-22 18:45:39,VN0001230283,https://www.dexpress.rs/rs/pracenje-posiljaka/VN0001230283,,,skipped_cache,
2026-01-22 18:45:39,VN0001230506,https://www.dexpress.rs/rs/pracenje-posiljaka/VN0001230506,,,skipped_cache,
2026-01-22 18:45:39,VN0001230560,https://www.dexpress.rs/rs/pracenje-posiljaka/VN0001230560,,,skipped_cache,
2026-01-22 18:45:39,VN0001231308,https://www.dexpress.rs/rs/pracenje-posiljaka/VN0001231308,,,skipped_cache,
2026-01-22 18:45:39,VN0001232512,https://www.dexpress.rs/rs/pracenje-posiljaka/VN0001232512,,,skipped_cache,
2026-01-22 18:45:39,VN0001232547,https://www.dexpress.rs/rs/pracenje-posiljaka/VN0001232547,,,skipped_cache,
2026-01-22 18:45:39,VN0001232584,https://www.dexpress.rs/rs/pracenje-posiljaka/VN0001232584,,,skipped_cache,
2026-01-22 18:45:39,VN0001232609,https://www.dexpress.rs/rs/pracenje-posiljaka/VN0001232609,,,skipped_cache,
2026-01-22 18:45:39,VN0001232613,https://www.dexpress.rs/rs/pracenje-posiljaka/VN0001232613,,,skipped_cache,
2026-01-22 18:45:39,VN0001232619,https://www.dexpress.rs/rs/pracenje-posiljaka/VN0001232619,,,skipped_cache,
2026-01-22 18:45:39,VN0001233544,https://www.dexpress.rs/rs/pracenje-posiljaka/VN0001233544,,,skipped_cache,
2026-01-22 18:45:39,VN0001233823,https://www.dexpress.rs/rs/pracenje-posiljaka/VN0001233823,,,skipped_cache,
2026-01-22 18:45:39,VN0001233839,https://www.dexpress.rs/rs/pracenje-posiljaka/VN0001233839,,,skipped_cache,
2026-01-22 18:45:39,VN0001233881,https://www.dexpress.rs/rs/pracenje-posiljaka/VN0001233881,,,skipped_cache,
2026-01-22 18:45:39,VN0001233899,https://www.dexpress.rs/rs/pracenje-posiljaka/VN0001233899,,,skipped_cache,
2026-01-22 18:45:39,VN0001233924,https://www.dexpress.rs/rs/pracenje-posiljaka/VN0001233924,,,skipped_cache,
2026-01-22 18:45:39,VN0001233984,https://www.dexpress.rs/rs/pracenje-posiljaka/VN0001233984,,,skipped_cache,
2026-01-22 18:45:39,VN0001234310,https://www.dexpress.rs/rs/pracenje-posiljaka/VN0001234310,,,skipped_cache,
2026-01-22 18:45:39,VN0001234378,https://www.dexpress.rs/rs/pracenje-posiljaka/VN0001234378,,,skipped_cache,
2026-01-22 18:45:39,VN0001234984,https://www.dexpress.rs/rs/pracenje-posiljaka/VN0001234984,,,skipped_cache,
2026-01-22 18:45:39,VN0001235033,https://www.dexpress.rs/rs/pracenje-posiljaka/VN0001235033,,,skipped_cache,
2026-01-22 18:45:39,VN0001235040,https://www.dexpress.rs/rs/pracenje-posiljaka/VN0001235040,,,skipped_cache,
2026-01-22 18:45:39,VN0001235064,https://www.dexpress.rs/rs/pracenje-posiljaka/VN0001235064,,,skipped_cache,
2026-01-22 18:45:39,VN0001235279,https://www.dexpress.rs/rs/pracenje-posiljaka/VN0001235279,,,skipped_cache,
2026-01-22 18:45:39,VN0001235369,https://www.dexpress.rs/rs/pracenje-posiljaka/VN0001235369,,,skipped_cache,
2026-01-22 18:45:39,VN0001236064,https://www.dexpress.rs/rs/pracenje-posiljaka/VN0001236064,,,skipped_cache,
2026-01-22 18:45:39,VN0001236106,https://www.dexpress.rs/rs/pracenje-posiljaka/VN0001236106,,,skipped_cache,
2026-01-22 18:45:39,VN0001236110,https://www.dexpress.rs/rs/pracenje-posiljaka/VN0001236110,,,skipped_cache,
2026-01-22 18:45:39,VN0001236407,https://www.dexpress.rs/rs/pracenje-posiljaka/VN0001236407,,,skipped_cache,
2026-01-22 18:45:39,VN0001237631,https://www.dexpress.rs/rs/pracenje-posiljaka/VN0001237631,,,skipped_cache,
2026-01-22 18:45:39,VN0001237717,https://www.dexpress.rs/rs/pracenje-posiljaka/VN0001237717,,,skipped_cache,
2026-01-22 18:45:39,VN0001237841,https://www.dexpress.rs/rs/pracenje-posiljaka/VN0001237841,,,skipped_cache,
2026-01-22 18:45:39,VN0001237870,https://www.dexpress.rs/rs/pracenje-posiljaka/VN0001237870,,,skipped_cache,
2026-01-22 18:45:39,VN0001237905,https://www.dexpress.rs/rs/pracenje-posiljaka/VN0001237905,,,skipped_cache,
2026-01-22 18:45:39,VN0001237917,https://www.dexpress.rs/rs/pracenje-posiljaka/VN0001237917,,,skipped_cache,
2026-01-22 18:45:39,VN0001237924,https://www.dexpress.rs/rs/pracenje-posiljaka/VN0001237924,,,skipped_cache,
2026-01-22 18:45:39,VN0001238186,https://www.dexpress.rs/rs/pracenje-posiljaka/VN0001238186,,,skipped_cache,
2026-01-22 18:45:39,VN0001239000,https://www.dexpress.rs/rs/pracenje-posiljaka/VN0001239000,,,skipped_cache,
2026-01-22 18:45:39,VN0001239287,https://www.dexpress.rs/rs/pracenje-posiljaka/VN0001239287,,,skipped_cache,
